cell_type	TCGA-44-6147-01B	TCGA-44-6147-01A	TCGA-44-7661-01A	TCGA-55-7724-01A	TCGA-91-7771-01A	TCGA-55-7573-01A	TCGA-05-4405-01A	TCGA-91-6836-01A	TCGA-55-7576-01A	TCGA-86-7954-01A	TCGA-50-5931-01A	TCGA-91-6829-01A	TCGA-49-6744-01A	TCGA-78-8660-01A	TCGA-97-7552-01A	TCGA-75-5146-01A	TCGA-69-7763-01A	TCGA-55-7911-01A	TCGA-44-5644-01A	TCGA-75-5125-01A	TCGA-75-6212-01A	TCGA-69-7764-01A	TCGA-75-6211-01A	TCGA-91-6835-01A	TCGA-62-8398-01A	TCGA-MP-A4T4-01A	TCGA-S2-AA1A-01A	TCGA-50-5066-01A	TCGA-97-7553-01A	TCGA-71-8520-01A	TCGA-MP-A4TD-01A	TCGA-95-7567-01A	TCGA-64-5781-01A	TCGA-44-2656-01B	TCGA-44-2656-01A	TCGA-53-7813-01A	TCGA-55-6642-01A	TCGA-86-7953-01A	TCGA-78-7143-01A	TCGA-91-8499-01A	TCGA-55-8620-01A	TCGA-69-8255-01A	TCGA-50-5068-01A	TCGA-44-6145-01A	TCGA-MP-A4T6-01A	TCGA-55-8514-01A	TCGA-44-8117-01A	TCGA-95-8494-01A	TCGA-78-7539-01A	TCGA-MP-A4TF-01A	TCGA-99-8025-01A	TCGA-NJ-A55O-01A	TCGA-L9-A8F4-01A	TCGA-MP-A5C7-01A	TCGA-55-8510-01A	TCGA-99-7458-01A	TCGA-49-AAQV-01A	TCGA-44-2655-01A	TCGA-50-5932-01A	TCGA-55-8619-01A	TCGA-38-4631-01A	TCGA-44-6776-01A	TCGA-95-7562-01A	TCGA-95-7947-01A	TCGA-38-6178-01A	TCGA-55-8207-01A	TCGA-55-8621-01A	TCGA-97-8177-01A	TCGA-50-6590-01A	TCGA-44-7671-01A	TCGA-78-8662-01A	TCGA-J2-8192-01A	TCGA-78-8640-01A	TCGA-83-5908-01A	TCGA-L9-A5IP-01A	TCGA-NJ-A4YI-01A	TCGA-55-8299-01A	TCGA-78-7149-01A	TCGA-93-A4JP-01A	TCGA-44-6777-01A	TCGA-95-A4VN-01A	TCGA-49-AAR0-01A	TCGA-44-6775-01A	TCGA-44-6775-01C	TCGA-O1-A52J-01A	TCGA-44-7672-01A	TCGA-78-7535-01A	TCGA-50-8460-01A	TCGA-91-8497-01A	TCGA-78-7159-01A	TCGA-55-7816-01A	TCGA-75-6207-01A	TCGA-62-8395-01A	TCGA-97-7547-01A	TCGA-44-6778-01A	TCGA-69-A59K-01A	TCGA-62-8394-01A	TCGA-75-5122-01A	TCGA-55-7903-01A	TCGA-NJ-A4YG-01A	TCGA-55-8302-01A	TCGA-44-8120-01A	TCGA-95-8039-01A	TCGA-86-7711-01A	TCGA-95-A4VP-01A	TCGA-55-8206-01A	TCGA-64-5815-01A	TCGA-44-7660-01A	TCGA-05-4390-01A	TCGA-93-8067-01A	TCGA-55-1595-01A	TCGA-49-6745-01A	TCGA-73-4658-01A	TCGA-55-1592-01A	TCGA-55-7726-01A	TCGA-73-7498-01A	TCGA-95-7948-01A	TCGA-55-7725-01A	TCGA-97-8172-01A	TCGA-44-6146-01A	TCGA-50-5939-01A	TCGA-44-7670-01A	TCGA-NJ-A7XG-01A	TCGA-50-6592-01A	TCGA-78-7162-01A	TCGA-50-5944-01A	TCGA-80-5611-01A	TCGA-NJ-A4YP-01A	TCGA-69-8253-01A	TCGA-78-7158-01A	TCGA-55-7227-01A	TCGA-NJ-A4YQ-01A	TCGA-L9-A7SV-01A	TCGA-49-AAR3-01A	TCGA-78-7163-01A	TCGA-78-8648-01A	TCGA-50-5942-01A	TCGA-NJ-A55R-01A	TCGA-99-8032-01A	TCGA-44-6148-01A	TCGA-50-6594-01A	TCGA-97-8174-01A	TCGA-99-8028-01A	TCGA-49-AARQ-01A	TCGA-49-4512-01A	TCGA-49-6743-01A	TCGA-05-4417-01A	TCGA-69-7979-01A	TCGA-L9-A743-01A	TCGA-55-8513-01A	TCGA-97-7554-01A	TCGA-75-6203-01A	TCGA-97-8547-01A	TCGA-78-7152-01A	TCGA-NJ-A55A-01A	TCGA-50-5946-01A	TCGA-44-6779-01A	TCGA-50-5055-01A	TCGA-86-7713-01A	TCGA-67-6216-01A	TCGA-55-7283-01A	TCGA-49-AARE-01A	TCGA-69-7973-01A	TCGA-86-6562-01A	TCGA-50-6593-01A	TCGA-78-7147-01A	TCGA-97-7937-01A	TCGA-50-5044-01A	TCGA-78-7167-01A	TCGA-55-7570-01A	TCGA-75-6206-01A	TCGA-69-7765-01A	TCGA-49-4487-01A	TCGA-MP-A4TE-01A	TCGA-55-7907-01A	TCGA-78-7160-01A	TCGA-78-7153-01A	TCGA-44-7659-01A	TCGA-55-7914-01A	TCGA-67-6217-01A	TCGA-78-7166-01A	TCGA-44-2659-01A	TCGA-55-8511-01A	TCGA-MP-A4TH-01A	TCGA-64-1679-01A	TCGA-50-7109-01A	TCGA-78-7161-01A	TCGA-62-8397-01A	TCGA-MP-A4TJ-01A	TCGA-75-5126-01A	TCGA-91-6828-01A	TCGA-49-AARN-01A	TCGA-50-5049-01A	TCGA-49-AARR-01A	TCGA-97-8552-01A	TCGA-75-6205-01A	TCGA-50-8459-01A	TCGA-55-8614-01A	TCGA-L9-A50W-01A	TCGA-78-8655-01A	TCGA-86-8278-01A	TCGA-44-7662-01A	TCGA-95-7944-01A	TCGA-69-7980-01A	TCGA-49-4514-01A	TCGA-97-7941-01A	TCGA-75-5147-01A	TCGA-55-8507-01A	TCGA-53-7626-01A	TCGA-50-8457-01A	TCGA-44-2668-01A	TCGA-91-6831-01A	TCGA-55-7728-01A	TCGA-67-6215-01A	TCGA-44-5645-01B	TCGA-44-5645-01A	TCGA-44-2666-01A	TCGA-55-6543-01A	TCGA-69-8254-01A	TCGA-55-6712-01A	TCGA-69-7978-01A	TCGA-4B-A93V-01A	TCGA-93-7347-01A	TCGA-44-2665-01A	TCGA-05-4415-01A	TCGA-55-7727-01A	TCGA-99-AA5R-01A	TCGA-44-2668-01B	TCGA-49-4488-01A	TCGA-78-7536-01A	TCGA-44-2666-01B	TCGA-93-7348-01A	TCGA-50-5936-01A	TCGA-97-7938-01A	TCGA-78-7148-01A	TCGA-50-5941-01A	TCGA-64-1678-01A	TCGA-49-AAR2-01A	TCGA-64-1676-01A	TCGA-64-5774-01A	TCGA-44-2665-01B	TCGA-55-1596-01A	TCGA-50-6597-01A	TCGA-44-6146-01B	TCGA-44-8119-01A	TCGA-50-5935-01A	TCGA-05-4427-01A	TCGA-62-8399-01A	TCGA-78-7537-01A	TCGA-73-7499-01A	TCGA-44-6146-11A	TCGA-49-6744-11A	TCGA-44-6777-11A	TCGA-44-6776-11A	TCGA-44-6147-11A	TCGA-44-2655-11A	TCGA-50-5931-11A	TCGA-91-6829-11A	TCGA-49-6745-11A	TCGA-50-5932-11A	TCGA-44-6778-11A	TCGA-44-6148-11A	TCGA-49-6743-11A	TCGA-44-5645-11A	TCGA-91-6828-11A	TCGA-44-2668-11A	TCGA-91-6831-11A	TCGA-50-5936-11A	TCGA-44-2665-11A	TCGA-49-6742-11A	TCGA-50-5939-11A	TCGA-91-6836-11A	TCGA-50-5935-11A	TCGA-44-6145-11A
B cell naive	0.574043530105011	0.994830965763103	0.386335584995605	0.180818240233563	0.806663637132646	0.841101751047567	0.849937282060657	0.12747304048517	0.231547999546292	0.430076608297788	0.332339117439636	0.710789874607249	0.772709775775057	0.454873225124646	0.607135505278689	0.412241624708335	0.512846789273556	0.314210206683227	0.338044432722402	0.120064585204604	0.75549083765069	0.578225396815064	0.265803185399272	0.470963266145002	0.812822152852772	0.325782515145225	0.79177730497247	0.0	0.713872407241474	0.72404050315246	0.605606140735568	0.346434333984352	0.38183465831439	0.454907535534032	0.503913495354527	0.348649267461579	0.0063484899173779	0.485827216838686	0.386227855231505	0.195502307207967	0.275244089954056	0.41092746260108	0.0584472909038961	0.435061093954623	0.600653658133141	0.228472413142765	0.474656432904325	0.0791639894567261	0.304423370101717	0.438686252772016	0.490140937147354	0.460502609751832	0.493349639942217	0.137992067335407	0.635051459072105	0.532133011044562	0.422245102931941	0.489044101934748	0.123160299156063	0.40844708380529	0.285023456352244	0.153751700922515	0.463609993247786	0.578238665038588	0.407283073013266	0.445927108483003	0.489203073063146	0.283942601236501	0.162202668433904	0.310199297807702	0.200721507003742	0.301667790858465	0.135500051239024	0.770571206241848	0.225036227979912	0.212165894725362	0.580950299518783	0.459804586087533	0.229819258730377	0.197513796720774	0.23041475145356	0.447237111322388	0.725177335270242	0.991841826581136	0.0523519752314325	0.1709549723964	0.0	0.417663711915446	0.724032456127944	0.584578679851502	0.13767919131611	0.101881523545448	0.663963782656456	0.339232217781903	0.545755838789019	0.0497844394296483	0.277125852272855	0.136255395926182	0.448285802664877	0.390100689513991	0.069069623842163	0.498906315711569	0.228428716492717	0.109113439546197	0.846737154436129	0.530272916096477	0.336738814245264	0.175516899165048	0.0225010462931147	0.114393174729464	0.419883972006781	0.114211116242163	0.448522446774924	0.367213478009663	0.414564530498667	0.237919525315755	0.266240248904633	0.401805790112122	0.330290441025944	0.0215987662564036	0.0	0.31926912012201	0.211517420987356	1.17397117546942	0.451006869774509	0.267521862342823	0.0154984157641682	0.421033182459149	0.568690360420541	0.310468344548014	0.284198571746008	0.397239862510344	0.227628047664309	0.460517439473373	0.365668821872103	0.457262951096294	0.728359581526572	0.595472653032565	0.318469075477174	0.616103099870285	0.0360042341427279	0.471996452327636	0.471795003799004	0.242469597598098	0.137574839239644	0.719808537803311	0.483697897273658	0.134049573212809	1.10566430803546	0.431748276670458	0.238964397425496	0.151642866754081	0.045500743020633	0.563284856692905	0.961136342410145	0.431564481154245	0.152131566294476	1.30202068331583	0.199644497444027	0.542368978722617	0.160453046698772	0.525499934321398	0.505198095068042	0.170399661734332	0.306760240368664	0.285744337154267	0.0535788317083788	0.1201655589728	0.339444852496713	0.425530405615012	0.136458375563165	0.451084567292455	0.765830974374502	0.426393073357583	0.548718489036581	0.906667480358264	0.21188853176926	0.395358184128387	0.330846493793797	0.262378136981917	0.160053947839775	0.459119494921365	0.901412664058684	0.913708975754719	0.416611929218189	0.427011957164382	0.232877529762317	0.0906623618248996	0.776208427019735	0.228872507034553	0.781651541862377	0.141857848155431	0.410122743895598	0.922840227042728	0.258631815862646	0.25627375567841	0.602938980295881	0.0558148740947678	0.514331441732936	0.242985374334387	0.35865767061454	0.325536270037549	0.0954478295907808	0.196656155096801	0.143787435673129	0.774162625343807	0.788015868521106	0.0584803950283876	0.976152704535339	0.355318791400266	0.381901386753193	0.135420284733805	0.366994676294213	0.0186791433106851	0.736777800867134	0.660291578268447	0.392324494523512	0.343389966899726	0.192510619927606	0.866796306737823	0.451029736844143	0.104034839140024	0.791675553924849	0.0157850143984207	0.178386200933171	0.707690137074893	0.784252915886043	0.586902211511097	0.271826862796642	0.249764421883433	0.387968380563686	0.821381342367471	0.244935260431722	0.603872883755989	0.298429181011005	0.722456926935691	0.258263440693571	0.282259472903866	0.146958987104083	0.513355562723148	0.333385720034342	0.117990523524836	0.0110494333800253	0.337945959395283	0.484773069579683	0.224129908170885	0.411295699782381	0.533955421424616	0.20066130311049	0.46700289411116	0.109058400334083	0.272442453623421	0.197941881493093	0.0351436224464344	0.531171594327363	0.415498512314149	0.0326409745968869	0.261508975634047	0.0441118070686246	0.238676241300138	0.396676709386489	0.661799613919988	0.337257911306891	0.49164947138946	0.177233818632308	0.437593260965077	0.168864848527066	0.158278035666715	0.286492876375836	0.246040229010869	0.122808872013086	0.185144414065868	0.148672750624802	0.240411495360837
B cell memory	0.301425993071626	0.0	0.0	0.0	0.0	0.0	0.0	0.0	0.0	0.0	0.0	0.0	0.0	0.0	0.0328522882397297	0.0	0.0	0.0	0.0	0.0	0.0	0.0	0.0	0.495042295397935	0.0	0.0	0.0	0.0257878851626453	0.0	0.0	0.0	0.0	0.0	0.0	0.0	0.0	0.0	0.0	0.0	0.0	0.0	0.0	0.320072817233784	0.0	0.0	0.0	0.0	0.0	0.0	0.0	0.0	0.0	0.0	0.0	0.0	0.0	0.0	0.0	0.0	0.0560468514280357	0.0	0.0	0.0	0.0	0.0	0.0	0.0	0.0	0.0	0.0	0.0	0.0	0.0	0.0	0.0	0.0	0.0	0.0	0.0	0.0	0.0	0.0	0.0	0.0	0.0	0.105960870703069	0.0450419256025719	0.0	0.0	0.0	0.0	0.0	0.0	0.0	0.0	0.0	0.0	0.0	0.0	0.0	0.0761864595032193	0.0	0.0	0.0	0.0	0.0	0.0	0.0	0.0331140144579666	0.0	0.0	0.0	0.0	0.0	0.0	0.0	0.0	0.0	1.09564120965927	0.0	0.203751204603019	0.0	0.0	0.0	0.0	0.0	0.0	0.0	0.0	0.0	0.0	0.0074947151569094	0.0	0.0	0.0	0.0	0.0	0.0	0.0	0.0	0.0	0.0	0.0	0.0	0.0	0.0	0.0	0.0	0.0	0.0	0.0	0.0	0.0	0.0	0.0	0.0	0.0	0.0	0.0	0.0	0.0	0.0	0.0	0.0	0.0	0.0	0.0	0.0	0.0	0.0	0.0	0.0	0.0	0.0	0.0	0.0	0.0	0.0	0.0	0.0	0.0	0.0	0.0	0.268508501717429	0.0	0.0	0.0	0.0	0.0	0.0	0.0	0.309449404430894	0.0	0.0	0.158120316279503	0.0	0.0	0.0249703270490919	0.0	0.0	0.0	0.0	0.0	0.0	0.0	0.0	0.0	0.0	0.0	0.0	0.0	0.0	0.0	0.0428329628062858	0.0	0.0	0.0	0.0	0.0	0.0	0.0	0.0	0.0	0.0	0.0	0.0	0.0	0.0	0.0	0.0	0.0	0.0	0.0	0.0	0.0	0.0	0.0	0.0	0.0	0.0	0.0	0.0	0.0611681212436727	0.0	0.0	0.0	0.0	0.0	0.0	0.0	0.0	0.0	0.0	0.0	0.0	0.0	0.030255475632129	0.0	0.0003629296541107	0.0	0.0	0.0	0.0	0.0	0.0	0.0	0.0	0.0	0.0	0.0	0.0	0.0	0.0	0.0
B cell plasma	0.29737388828451	0.626096336982893	0.0065032585494814	0.195836557892045	0.373831525592116	0.572238037762635	0.515284199590094	0.138980354186155	0.122105504196845	0.130138599540474	0.0553295933620144	0.127813984120691	0.493704946414449	0.0484325711421214	0.888914244728116	0.955171190185801	0.41696066663706	0.0168778279876734	0.364138660881951	0.0450777789255846	0.473576260348899	0.536426357896003	0.179597482096926	0.0	0.0954936795277448	0.196303460087839	1.16706808224875	0.150035439455036	0.361251194232141	0.131068169806283	0.507101214714497	0.443212912598367	0.314892130334604	0.106328324281076	0.536264140865556	0.665465742708537	0.527288188581108	0.12152276676367	0.0	0.0309419723471902	0.216371321887007	0.429286930746917	0.271740725576689	0.762388537026838	0.213930597003534	0.089194459796725	0.116792062838942	0.0159446299701124	0.131610037904832	0.74831031876551	0.307750136901561	0.0619805991704004	0.693405585720959	0.138882444004341	0.266142316158347	0.126719502449216	0.405098185590154	0.397437403858497	0.221281006231717	0.206790774329338	0.249606341990141	0.119155522465681	0.188361514040116	0.486370173781519	0.285006865028289	0.0464861445587654	0.593471083079271	0.270600655529403	0.334378594086767	0.252485519520002	0.0528916458904584	0.144487451891782	0.0273607519095675	0.147011079415805	0.457778408875238	0.0998653874140779	0.1173765174921	0.342871006403594	0.01618362462738	0.576154490633479	0.0284401738501084	0.200044536219137	0.506895344171686	0.0816444501861074	0.0	0.338639313144638	0.0469257146436333	0.36612020082753	1.49964187020484	0.655762917474962	0.029201395388815	0.020495901593094	0.436524452181242	0.364940431604393	0.152134867385753	0.438770364052496	0.044989603578693	0.0951408644564152	0.143329632356999	0.104000616408269	0.0585667239947684	0.435194343524233	0.0770311375907521	0.0586394240619872	0.256337004973638	0.25786279246079	0.288929638977095	0.0260253524859267	0.0021033307754934	0.114319730852925	0.576196200872481	0.0185461080917904	0.220997742661453	0.379747326466406	0.185824661284106	0.642079366893324	0.411522193393558	0.0180646096358604	0.0	0.0151471449395753	0.28422846081891	0.0	0.168949916432824	0.359311603401842	0.313797133097894	0.0738490739430328	0.0132822686036356	0.251546541848779	0.400053506349141	0.0480214404110786	0.0306457672589983	0.204563616702263	0.146581449907926	0.269416429413364	0.063605128373396	0.512304002558865	0.413823950947748	0.324603973050483	0.915520062414171	0.687642872237005	0.0471269375047724	0.550666576231691	0.29065377239265	0.140785377847699	0.0733649040670962	0.653061503147888	0.459155190756113	0.201825548826228	0.567465793812842	0.297283412030426	0.356098001763754	0.142435381958669	0.0003577623776404	0.238571881777475	0.459537535182019	0.206965310402042	0.0459865834108853	1.15267979387678	0.255908962134943	0.159470179795662	0.011313409366345	0.146227898913579	0.305380371456538	0.0	0.0516554844169727	0.094123756692444	0.033235270575344	0.205283259447021	0.166338135577477	0.623745463476739	0.0171819253932613	0.56935740276315	0.193232662353487	0.389517818886698	0.349453936245984	0.171360229731684	0.212532184784155	0.413759213053215	0.781085343944191	0.414343625948463	0.0158354447462791	0.549114234228822	0.328117325087073	0.787468128777926	0.156852952960486	0.75548175002858	0.294876695870202	0.0411422498740439	0.7346894136874	0.0305687381694854	0.424502344910462	0.626270566710857	0.680166688926687	0.446234527998341	0.0	0.0583923324476254	0.449944146514204	0.0216221847965104	0.354851854685779	0.0011769303067765	0.415542272989139	0.320640721316714	0.0404228222307169	0.0503923195180335	0.0201379143765627	0.0564161354626939	0.267576497716644	0.184478592842941	0.549487782699492	1.30850874453828	0.0455702102882049	0.163678357948448	0.0039047418627314	0.0	0.0569061511016341	0.221674944536354	0.347103929708059	0.274486306725918	0.384472269388671	0.353960187154548	0.212187979909188	0.416924050910801	0.319363458146002	0.0065654465831724	0.137415626988882	0.155365272964485	0.554788078433979	0.059278554152672	0.0308754173169542	0.246274927690012	0.578725385289917	0.676400995776602	0.0764345358912593	0.166676489720644	0.192830549687345	0.404847549691635	0.376274071275546	0.510559768873204	0.358693294015942	0.484028006453055	0.0267582307190617	0.173172883671517	0.194660088529917	0.129862961648373	0.460356164359578	0.238806434645553	0.309917398558148	0.30466711318961	0.480810348500694	0.578505678226099	0.0289284648498259	0.0354958579817964	0.164780476448596	0.0	0.131352537535036	0.0245208244213399	0.0	0.0329513262907611	0.0208122911173136	0.0324675606409261	0.0311502757223354	0.288733594350889	0.041443230999475	0.050698601599806	0.0271256254664741	0.12373365874627	0.0	0.0146964691761344	0.0268134261226616	0.211181129333709	0.0054269043453	0.0217308770594106	0.0166305954211953	0.0826382612392187
T cell CD8+	0.0635297286677509	0.337583909867882	0.57048223571566	0.350407230346545	0.506220733736021	0.351904375996862	0.259792199105688	0.320027930671135	0.486422551711118	0.432533731703086	0.151252032974559	0.187292619609298	0.541378823880077	0.754901083151429	2.83869708539215	0.306608227458296	0.196827601337802	0.845391146496326	0.272168394602393	0.361912909715434	0.042723296794597	0.449124947373478	0.353026203402457	1.06640738603298	0.256782401955458	1.22644534154327	0.442007572897168	0.778389967011394	0.706470876664258	0.104717205218672	0.25223150409547	0.308647063932675	0.666574490515093	0.34004642716656	0.965521181247352	0.240560742773686	0.435499397646773	0.228920984656925	0.265502738688779	0.436740444388495	0.584495764494388	1.12780291008534	0.598169772404364	1.45814048195141	0.34584738571008	0.0690114553036821	0.146734259234666	0.0862470778559753	0.870339400002464	0.177628069189511	0.0586924340692936	0.197675397966942	0.781432422786174	0.0412941471062392	0.660783827825767	0.563938756789949	0.278121243190326	0.147231171493528	0.0855415800656173	0.578694219223763	0.178438546908141	0.181284663112279	0.23376503684021	0.434428675866014	0.316433128740721	0.228446419790493	0.457783968559675	0.397230368556844	0.546730872405715	0.109757034026719	0.206087504689231	0.176769001589687	0.422741395561431	1.78026612052926	0.365031138738543	0.0436524392067821	1.05781782676845	0.167027701762165	0.193389873881346	0.279192298128648	0.96701849786187	0.372497320458346	0.267609947413644	0.0	0.181810683919706	0.576653594252733	0.0740595751750263	0.349769847776581	0.327551369511142	0.382187259446269	0.489638175864588	0.177688465527624	0.2804276721544	0.168739546446121	0.395987716969869	0.76893408596681	0.301730682702953	2.67724568617262	0.673037293989475	0.247955346324022	0.760034670333504	0.414597023257731	0.191369472988441	0.0193037802827267	0.461625546361625	0.188995207327433	0.206357233580754	0.222833496426641	0.152078341338738	0.152978094526542	0.510354849560645	0.676639846531841	0.383876244435242	0.188005016064343	0.264801801295739	0.284570572532915	0.148722856848292	0.40758204569368	0.62932459254218	0.348952742292981	0.118093430623192	0.42819216676747	0.139278975957089	0.617072318390038	0.621035633097533	0.205129928435156	0.16656668090015	0.294175053136912	0.161604593388339	0.11576117707314	0.442409549576458	0.874657879516508	0.267140459790797	1.04767840669097	0.124803957399785	0.545598745206187	0.143970927317551	0.200910749455707	0.246069023373959	0.26127134483865	0.0224052787323327	0.373713391785518	0.604596671990669	0.220385160873214	0.0336533688049451	0.38622372623773	0.397703575758535	0.152357534739299	0.686823809216252	0.108362494707791	0.230729311624135	0.35198531254972	0.0585992838379998	0.537074842186711	0.70950984963343	0.276592640462055	1.05467523841907	1.01247005608368	0.317325485720871	0.395606877377935	0.347152477128485	0.20551085156824	0.325162554894732	0.304263859941829	0.268983130201962	0.477216691087206	0.0733456023340203	0.263983138898568	0.205174152981428	0.242113902213816	0.165577112825397	0.0199041944405073	1.12852033102032	0.0612263832197967	0.513400027850344	0.842018190404147	0.367800412710607	0.158699586758127	0.47599725683865	0.824885792705461	0.168013805532883	0.430821312001307	0.354222531121923	0.659721132872631	0.0980529035712318	0.604964219575454	0.021456040389919	0.0688305055525515	0.923274223102129	0.210184429928718	0.419031851033436	0.212564501316624	0.865862835702938	0.536589414806716	0.356392668921128	0.832907332386848	0.384351001690087	0.562114816816269	0.0995996006122105	0.483241658234183	0.272953509393401	0.424050592930694	0.997581285220823	0.888806310840607	0.218487783459142	0.192077031818225	0.0931356363994012	0.348991092032032	0.542470061552854	0.596729152527236	0.419024398294549	0.0831946960460598	0.245873986927309	0.098506626702392	0.0	0.267633326098162	0.178416947054533	0.152003948171347	0.431843772099474	0.812322837012559	0.970338155446237	0.219287669134503	0.869388910358588	0.0	0.62279522396387	0.455958357585464	0.916694894999435	0.141633090762016	0.414653229548338	0.0649142328546286	0.0406897457774724	0.235399486461044	0.159332039340114	0.572733281392588	0.824713536593745	0.711501282027617	0.0	0.116194282895504	0.329008831073282	0.0823833694703578	0.0	0.306163243285736	0.23895152078381	0.0393299718121565	0.298305755309868	0.285246475067561	0.398276520706003	0.163504888641627	0.289090440839348	0.866884557092998	1.2969303240042	0.375389315343032	0.60030530831136	0.371495050881864	0.233644678262967	0.439779317224845	0.235024908092987	0.239658473504988	0.378360615979308	0.635785881380516	0.216687670203989	0.369839586833531	0.47218202492944	0.66520893408574	0.310623197947203	0.392087731685139	0.69888646399686	0.385913596485596	0.259763381896753	0.124091197529404	0.266941746184254	0.705666730811842	0.397820238067045	0.408541026293941
T cell CD4+ naive	0.0	0.0	0.0	0.0	0.0	0.0	0.0	0.0	0.0	0.0	0.0	0.0	0.0	0.0	0.0	0.0	0.0	0.0	0.0	0.0	0.0	0.0	0.0	0.0	0.0	0.0	0.0	0.0	0.0	0.0	0.0	0.0	0.0	0.0	0.0	0.0	0.0	0.0	0.0	0.0	0.0	0.0	0.0	0.0	0.0	0.0	0.0	0.0	0.0	0.0	0.0	0.0	0.0	0.0	0.0	0.0	0.0	0.0	0.0	0.0	0.0	0.0	0.0	0.0	0.0	0.0	0.0	0.0	0.0	0.0	0.0	0.0	0.0	0.0	0.0	0.0	0.0	0.0	0.0	0.0	0.0	0.0	0.0	0.0	0.0	0.0	0.0	0.0	0.0	0.0	0.0	0.0	0.0	0.0	0.0	0.0	0.0	0.0	0.0	0.0	0.0	0.0	0.0	0.0	0.0	0.0	0.0	0.0	0.0	0.0	0.0	0.0	0.0	0.0	0.0	0.0	0.0	0.0	0.0	0.0	0.0	0.0	0.0	0.0	0.0	0.0	0.0	0.0	0.0	0.0	0.0	0.0	0.0	0.0	0.0	0.0	0.0	0.0	0.0	0.0	0.0	0.0	0.0	0.0	0.0	0.0	0.0	0.0	0.0	0.0	0.0	0.0	0.0	0.0	0.0	0.0	0.0	0.0	0.0	0.0	0.0	0.0	0.0	0.0	0.0	0.0	0.0	0.0	0.0	0.0	0.0	0.0	0.0	0.0	0.0	0.0	0.0	0.0	0.0	0.0	0.0	0.0	0.0	0.0	0.0	0.0	0.0	0.0	0.0	0.0	0.0	0.0	0.0	0.0	0.0	0.0	0.0	0.0	0.0	0.0	0.0	0.0	0.0	0.0	0.0	0.0	0.0	0.0	0.0	0.0	0.0	0.0	0.0	0.0	0.0	0.0	0.0	0.0	0.0	0.0	0.0	0.0	0.0	0.0	0.0	0.0	0.0	0.0	0.0	0.0	0.0	0.0	0.0	0.0	0.0	0.0	0.0	0.0	0.0	0.0	0.0	0.0	0.0	0.0	0.0	0.0	0.0	0.0	0.0	0.0	0.0	0.0	0.0	0.0	0.0	0.0	0.0	0.0	0.0	0.0	0.0	0.0	0.0	0.0	0.0	0.0	0.0	0.0	0.0	0.0	0.0	0.0	0.0	0.0
T cell CD4+ memory resting	1.69107703002382	1.09465841555722	0.939197708405664	0.508959412170468	1.91412526964153	1.13469327122146	0.553846334209692	0.519200808068245	0.482445009253631	1.08442988794768	0.224461305431504	0.49177697130413	1.08284628697301	0.788191499741463	0.521751378687001	0.766656998797311	0.494216538230854	0.335666279403059	0.0262404139939895	1.3243787507403	0.654376178551779	0.681419208838772	0.454696839226396	1.8234054751904	0.629395241501686	0.67921522899286	0.962717661075656	0.0163296853557255	1.24468168684605	0.384860510094185	0.561172970769668	0.559898194462775	0.0	1.63318003431913	0.323774063926705	0.157841628687475	0.363895381992829	1.64146737919478	0.743876288958261	0.647709145962157	0.280206374525968	0.0	0.330114184490945	0.343500854787524	0.84974080424929	0.270327126430772	0.614333779802605	0.283051452940489	0.686669671241073	0.105703284696701	0.326422267243778	0.750609710467159	0.436787607742128	0.545053246391575	0.470924787798273	1.43066726142718	0.491529276132669	0.551446638031924	0.299860201210266	0.817031649549913	0.0888851167914595	0.40418721784658	0.488894713920706	0.854102867181001	0.720330270176715	0.885446641685375	0.977964050990784	0.477123718761664	0.594944623730172	0.16647463079701	0.100489693674785	1.6684957718722	0.220401417721804	0.973345353297676	0.0	0.268658072291097	0.551638562759534	0.210637549921692	0.396443377846404	0.539514923782267	0.673383493454465	0.416249313208346	0.565501902337793	2.23179486589977	0.539527091797443	0.357669640857591	0.135716530452657	0.392552101976071	0.914779078973069	0.412524968462307	0.46223285334678	0.720486299485866	0.523677077614346	0.688859072052197	2.56621072923217	0.311173062498715	0.675087016174057	0.123838397391227	0.0	0.438145549256551	0.196910521929198	0.557266254639409	1.15427336523382	0.627868151957404	0.27755568669137	0.813111645233325	0.596204103068909	0.524912520541379	0.420668843006595	0.238121085884195	0.240284681180631	1.12750935335162	0.901097085710394	0.482349473325937	0.497646669959386	1.2468303692737	0.283256855513689	1.02161446167314	1.93558229957111	0.622093835603769	0.784796873245559	0.563270997447916	0.463039986921853	0.6787399555514	0.90299774155753	0.331421648851916	0.33295029121058	0.477137649716314	0.338160036419577	0.474905752397133	0.887389685447221	0.0546535957354528	0.449037288122354	0.0	0.211757394383497	0.24971323607611	0.659036109761617	0.300226866859099	0.379605681351885	0.697295858027764	0.729373194003308	1.24359845582492	0.756829798950526	0.0980193950861092	0.279721346553962	0.534523874361173	0.971958967478042	0.0726091475782374	1.15178028146572	0.502607221868411	0.617948537720205	0.809497017444242	0.268919057571753	0.708812067718223	1.67892623729124	0.0910489209597134	0.674731768610972	0.287357054059301	0.632187601019921	0.782275370847702	0.864648781100414	0.186491651725289	0.789890547162032	0.605656840310144	0.329848958828243	0.338963673878279	0.0972540409421846	0.116294285544823	0.408955143325512	0.150312768957692	0.280722155761413	0.731199107409326	0.155521297323437	0.0597155453976978	0.491177518504818	1.64224316221819	0.143100987029476	0.522903812724066	0.514998505839081	1.01835397396135	0.0036722721503279	0.841226378815086	0.795953642216434	0.912837521386681	0.342907873689178	0.155206822246534	0.506507282011188	0.229253651210397	1.34505814784711	0.850123211866532	1.55720855489677	0.846308052799159	0.701412380389593	0.585768351923632	0.744269079798159	1.64643747440564	0.512561899545692	0.500310315076549	0.509042190768559	0.606515306747219	0.735221187060544	0.245561727538743	0.220713564238208	0.760685140586632	0.101261180392638	0.843142798860434	1.05723126249333	0.34551365315205	1.92686377630578	0.730073376825883	1.04601425214556	0.945838869073591	0.116559783995741	0.304997878146069	2.21565487833213	1.71756788021431	0.551775904927842	0.473027433646236	1.04811891868161	0.893647974730862	1.48313062789196	0.0112800658736097	1.01964022560943	0.470073238759499	0.21995006058439	1.10944808064044	1.6188739727413	1.46839983903777	0.638281848934675	0.798148509588095	1.4555709588751	0.570521883268642	0.450714086550006	0.55093831731664	0.0430372096114126	0.929440599967131	0.060397031696454	0.167201502109525	0.129604327907321	0.394395556582371	2.02653014455862	0.130055147267451	0.134218767653323	1.71229861993856	0.302233343996264	0.89553952901391	0.467745206833308	0.838993845862327	0.0	0.0626262189410472	1.63662404145054	1.0177792791393	1.00722935291312	0.713281366460689	0.95580702849326	0.980335386175499	0.643199155600757	0.151011360288691	0.611071641469526	0.973548165146318	2.49637294975757	1.46526806353155	0.618631237586071	1.23345882564863	1.0104426254378	0.36681580382083	1.18620978835645	0.852421719984204	0.20418887349789	0.24882214572348	0.751909891691063	0.642412237456156	0.912028778989829	0.990068147222014
T cell CD4+ memory activated	0.149468642961351	0.147708296618259	0.950594456019365	0.225668726528286	0.0	0.0	0.0221244894504958	0.157673752482218	0.0815025276538307	0.115333733771115	0.0	0.0109959148457651	0.061917736677368	0.210721149097712	0.170472009370814	0.0	0.0	0.819027346149471	0.0762872275527274	0.143456486021316	0.0317680478347673	0.057721492969134	0.211648130386617	0.386341511378094	0.315570433961057	0.287909560736996	0.125658633834269	0.548598682983912	0.035641813269845	0.0	0.0	0.147988965151976	0.306935832416054	0.27897062496824	0.275022865835193	0.20054813144874	0.337154327408592	0.236245046615461	0.0	0.0476750929933862	0.134227009478405	0.46200792235297	0.0789937599190923	0.450492720517567	0.0	0.0	0.0493013328571408	0.0788338247086641	0.137255789450835	0.295572240585434	0.0	0.0	0.503467614253468	0.0	0.0	0.132694358635722	0.0	0.0548838323217249	0.0	0.0	0.0541796593497171	0.0297125714682152	0.0	0.054307408444312	0.0577447249553379	0.0	0.0	0.0	0.174541126890492	0.0	0.0180228940421894	0.0775123952273008	0.073360217696824	0.790029147252633	0.227023689683098	0.0	0.47900895150095	0.0	0.0	0.0152154382483566	0.277161722522763	0.0	0.0472698977040415	0.344118915618391	0.0	0.366113805502975	0.0	0.0	0.0	0.00244990161495	0.182144056548943	0.0537266971976214	0.0	0.0661003236731505	0.244145584175742	0.362690100904686	0.0	0.366588651979831	0.197973094495833	0.0146262404308982	0.0811068326772488	0.16161947598382	0.0760187540879322	0.0	0.019672599755939	0.0	0.0	0.0493846096451113	0.0864155928399377	0.0	0.0734795990113735	0.220313618154502	0.139003152703335	0.0543277898346337	0.0	0.0309651372251356	0.0	0.167945777567124	0.0784099601540382	0.0492499430689023	0.100318879128941	0.174483213010168	0.0	0.390294656399237	0.0	0.0418593028958687	0.141703606988929	0.0158270576609629	0.0	0.0	0.0	0.250874548973624	0.016604548605059	0.372954464032895	0.0	0.0858153314501957	0.0	0.0177194503792899	0.0675807926101809	0.0	0.0661950700062835	0.0670015225037259	0.404857631606678	0.0229674293940646	0.0	0.191331169862223	0.362543506830749	0.0646587875505722	0.455416893129306	0.0	0.131298786013657	0.0193169139561154	0.0	0.0381094565542508	0.0348664604852702	0.0797555124996048	0.188431156799487	0.219135643338947	0.0280334982955483	0.053758018681336	0.0316179197370529	0.0695439460700795	0.307270528959509	0.0512387854564648	0.0	0.0526841194864989	0.0160989226819173	0.221770414725384	0.0	0.0416163116503883	0.006951018068469	0.0190830107299339	0.321898888280146	0.0340287773074425	0.0721975464621723	0.115299055429787	0.0	0.0	0.111036649383792	0.165911499250605	0.0	0.0	0.21570456654048	0.027753655146589	0.0	0.133617901761814	0.0	0.0	0.95580330490934	0.309651701139604	0.0508502223058641	0.0057549305147211	0.117645625482136	0.0	0.0	0.360184501301455	0.171389892938747	0.0	0.0	0.0	0.0963224118073553	0.076016123665071	0.479850797271809	0.210233466218797	0.138034366282864	0.0	0.0086659449575576	0.0	0.0	0.0043092434101748	0.562618976815199	0.110759062829733	0.0	0.0295388490386026	0.159940149000399	0.167830302948591	0.0	0.0	0.0785756542510875	0.109330902092387	0.454291224409158	0.0203148730392894	0.0	0.0432874195581402	0.206015998718748	0.223527242077111	0.0010655917624859	0.844228340751143	0.0	0.114292529782585	0.0	0.013852933248471	0.064084787292312	0.0987758265833195	0.0511889972930986	0.266972775041659	0.0670703241216347	0.034318936995789	0.0401205757888754	0.0832944463255466	0.0925405918005172	0.0	0.007761472737405	0.0196530043669084	0.12153150862304	0.0813543105270135	0.212253506155167	0.215164127562325	0.0154880672564871	0.236910723358344	0.0	0.0	0.0	0.0	0.0163275812300008	0.0	0.0	0.0	0.034864983971569	0.0	0.0	0.0	0.0	0.0	0.0	0.120262960543312	0.0876593613705921	0.0	0.0	0.0	0.124035879562296	0.0427731467088165	0.0304858157914275	0.0
T cell follicular helper	0.0	0.0	0.0	0.0492849807526287	0.255632586415677	0.481425488265681	0.105248410453211	0.113488812837622	0.154969899566902	0.380720415383832	0.246086957717509	0.0280080927123043	0.0711578149235621	0.328692228502851	0.072848809775883	0.20551314244788	0.103167414241095	0.476750671538559	0.0643618334811901	0.334855963499136	0.056492458922809	0.148131261983459	0.10700610443161	1.0158086769368	0.180803412831321	0.309026888398241	0.324052096874887	0.30940585550712	0.0	0.153676425869968	0.166229512637797	0.191572182681524	0.329180436071153	0.0631241483821969	0.29086788845069	0.142616040618248	0.0	0.282203804257012	0.238968867428988	0.304846089954367	0.310770633321078	0.26201910163905	0.306325071178246	0.102374742338895	0.210896642597544	0.130548976937745	0.156346794827499	0.103746341909887	0.189115794718811	0.0789189814823666	0.062585189187246	0.125468392675965	0.280572736326141	0.119477636559765	0.308248449009568	0.545110690393187	0.207350654945402	0.235016565698573	0.0794227798074277	0.533085180672646	0.0539609828381315	0.123038234813786	0.135570060278206	0.177126789393227	0.188290095018766	0.0819987861440942	0.108688063906588	0.452006313528691	0.0894914382272083	0.18494202877508	0.217422587712234	0.0694318829286779	0.231091224849654	0.53456701707177	0.239690464533768	0.179947801053897	0.626721975420075	0.0624902617675886	0.229621542218016	0.123341651816416	0.328424569717874	0.412310834277522	0.0	0.0185371038872916	0.0611904659895238	0.116544250516259	0.0210625435871628	0.107360747860139	0.405447276851576	0.0411950807304904	0.0941576094799045	0.082058518673371	0.215153375215729	0.118052461536326	0.616307017717576	0.124738699966817	0.253539374285476	0.537728777167083	0.267157281705818	0.149909970793956	0.222459386688542	0.100601689728725	0.213821525651038	0.0	0.282033125024001	0.041821230999947	0.0	0.142261808400682	0.0484542895461558	0.217810358570761	0.293204878907861	0.410473122847745	0.312797925470491	0.0879714068319722	0.0200895648474324	0.0850374391433576	0.0756320787643535	0.324929064457862	0.619530878414657	0.0323274670965785	0.110902690992756	0.411559162356431	0.0589417165314371	0.0960448615588353	0.251367305682605	0.065722738318818	0.107816822397949	0.197252025923205	0.154473646280901	0.0618623748405012	0.255711820724904	0.615855357820092	0.281977461891173	0.214153001017374	0.0768821511508186	0.269451547224597	0.0	0.0905786439742604	0.0460194853955343	0.149512154265169	0.0536167205226319	0.0447985106266021	0.276319251474777	0.270815940638747	0.0346010320515787	0.11453213158003	0.263575826733493	0.108670838838382	0.383753738404595	0.205579729443535	0.122343961441795	0.0	0.115617331311912	0.17448057172704	0.0981892110739417	0.168299364096204	0.11621982958968	0.565221579729135	0.0659851612459159	0.111698887132624	0.138963512877271	0.130046511582415	0.0027098521448865	0.0685658947502805	0.0375492029726336	0.131450897464676	0.0733256711752232	0.099826175842868	0.128502695523847	0.177437905102812	0.119135284778987	0.143688176155378	0.199805236738049	0.0382869242655639	0.252433572620575	0.278815588462942	0.0833922406892702	0.164663121981004	0.0754974251196652	0.172310804336409	0.242744289552801	0.190214325194035	0.224403354841189	0.642034125614699	0.0379120599701325	0.110487533026328	0.0492933357486006	0.0	0.630511148561512	0.0	0.149094722899837	0.150355496916251	0.411549973320958	0.305937257998681	0.157417929541503	0.215520484464444	0.0	0.159039394826895	0.118032355555547	0.0867074132408267	0.0	0.122464364143876	0.280055379641752	0.364197944242046	0.180093665878856	0.271880822718084	0.193153081043493	0.152949674303083	0.515699225872517	0.184422202303504	0.0	0.0668008296611493	0.244940149763431	0.040819277804481	0.102023595391657	0.335783488285093	0.134725596087755	0.0911892374438981	0.192935801054128	0.0	0.135538431488946	0.156489259393197	0.551198843653166	0.0	0.115960304281569	0.151519955492301	0.126492431209051	0.0	0.118584072569681	0.086588537827902	0.0747830870844469	0.22097031173029	0.0808534607475263	0.141484794131169	0.249015745206719	0.387497337003608	0.0659295579477062	0.0697248800611308	0.0780689166243641	0.0768310522879764	0.0143687050268773	0.24620865870475	0.174157455872087	0.0207853736570963	0.0728232637670501	0.0807727549789977	0.208011591486423	0.129242379715592	0.0520054549237089	0.31902997620678	0.144790471171372	0.0	0.0351094149361835	0.0	0.0	0.0	0.0	0.0446278419640801	0.145221589955191	0.0	0.195162337690682	0.0	0.0609296881411325	0.0	0.0	0.0	0.0512784787408981	0.0935786993831171	0.117156335768097	0.011847925126616	0.0	0.0	0.0169028828849484	0.0
T cell regulatory (Tregs)	0.0	0.376831463566277	0.430531913305808	0.0	0.0752130674175521	0.333647449314754	0.193206165609439	0.140364421433358	0.27616827499977	0.42698717025713	0.0	0.10777974855055	0.31526137742672	0.252001455002254	0.382699332434314	0.0782897178428587	0.149103125083217	0.129931569303682	0.0693702625210104	0.104759656566501	0.138722441947821	0.0	0.135430723366982	0.419886101700055	0.268981679822115	0.3451332490992	0.264638553561457	0.0233516334086456	0.202230297999406	0.265350800547895	0.349342413979856	0.22294649755197	0.100595192962538	0.0	0.148995240492741	0.0044118979658316	0.0553723907964015	0.274148170276458	0.489868655219824	0.120708834386703	0.220548694092032	0.0852902636616918	0.217311846923697	0.206536916757691	0.51815871414835	0.112590430189913	0.107974276317128	0.0748966831759314	0.296110172515777	0.0	0.132452704254647	0.160350573468766	0.523980689529604	0.029571588364035	0.209861898300567	0.429133479932954	0.543267649173437	0.136146447878067	0.0240263794043288	0.254612343252125	0.160600300164776	0.0	0.179149294015977	0.207435500390891	0.104971271497529	0.136213998217268	0.141734740061014	0.256716632377683	0.174186774665835	0.0249442650663567	0.0414057315268266	0.0064016158087417	0.127766312075515	0.0	0.229022121584644	0.168882401752618	0.231781725690098	0.115687525533711	0.0	0.129898523439662	0.178996966869797	0.432123086324426	0.388528753540094	0.0	0.220351546526216	0.380648568055177	0.0953051603552271	0.418340876878523	0.413661570646802	0.245659546122221	0.0252858439752593	0.0598793129253669	0.13785717808954	0.299829316316152	0.0	0.166108899842084	0.373995085888875	0.0449298575868292	0.261864211414952	0.255256268275092	0.156852057073203	0.102486448660321	0.535824417440371	0.0016857559433538	0.308694269336219	0.320980452029936	0.303100606522537	0.195278014004327	0.0260547350144622	0.134044317520581	0.203866099154007	0.244348576224378	0.10806193443663	0.0507893982403393	0.0115408282099361	0.286797017711596	0.0182007227501767	0.0382912348351263	0.150490038724381	0.0	0.0715962900411683	0.116958817421422	0.0193551515854629	0.110358685247752	0.0836154363235984	0.0397890282287467	0.286641683070364	0.0571470894480898	0.122827220095414	0.0922968723692111	0.443126536361167	0.374451598839242	0.0	0.147420584241701	0.139599428945305	0.169808859548923	0.211864998418946	0.162632945497742	0.323943201747223	0.0649249850141724	0.114297308637057	0.0296122007324496	0.268227578705396	0.132376206838104	0.170568799401746	0.107180308171187	0.250517162853935	0.0486974624684399	0.338848785099023	0.257166003431555	0.112805373894223	0.0266168076610068	0.219434750580976	0.297302581672195	0.447887133310669	0.071354077204686	0.299156590900324	0.695463718598816	0.131425841017913	0.303922044462217	0.04626895101303	0.294008123726404	0.205011224144687	0.353754664712788	0.344543760453828	0.196226411983639	0.0842594547989915	0.0882828480688305	0.0599747742124122	0.0785615435946892	0.145278811946501	0.111800890816439	0.483939955438917	0.0290243659541025	0.192191620738776	0.245458171648108	0.16227847815045	0.156138801036794	0.202632897333432	0.172254720204009	0.0150563369048158	0.238792055514302	0.233334984978763	0.553569644995466	0.166050664843883	0.189137203813801	0.114911973487767	0.0976281223979745	0.231775229360264	0.116908907552954	0.0516610310601066	0.535465990828094	0.232438528161824	0.326897170093159	0.296209896010234	0.137039970146654	0.349372399018286	0.289380564159785	0.266016544080903	0.43591212712341	0.148396126072981	0.191351641332359	0.092824884002799	0.336976835036702	0.0561366617496506	0.361885866672647	0.419353837295954	0.0562522612002649	0.259199870549025	0.270237083015337	0.0	0.0631224308136594	0.446178118277485	0.0798007059702265	0.0	0.591949585541014	0.0	0.115847593512148	0.143510636298153	0.168311870465705	0.363089995297172	0.136962484878068	0.763185015955342	0.0	0.0133953303032304	0.068069617830126	0.0161426012157186	0.0	0.204293961915217	0.0544142377116614	0.0	0.256858915707151	0.215386609130097	0.0	0.271588406051961	0.384608506477788	0.0722868369359588	0.158849266590836	0.099358306648764	0.191998660141787	0.0	0.307882313934911	0.579878412947411	0.0	0.0871461016357057	0.414652495774067	0.0106658101142747	0.0540735689969261	0.157010928326911	0.241648888306226	0.0356115575714845	0.0	0.0	0.0	0.0	0.0	0.0	0.102561462421364	0.0	0.0	0.0	0.0	0.0572127554486914	0.0194769149896009	0.0	0.0856068125207119	0.0	0.0	0.065677856443705	0.0	0.0	0.0777796211306018	0.0	0.0
T cell gamma delta	0.0	0.0	0.0	0.0196847822168572	0.0	0.0	0.0	0.0	0.0	0.0	0.0	0.0	0.0	0.0	0.0438103226812996	0.0	0.0	0.0	0.0	0.0	0.0	0.0	0.0	0.0	0.0	0.0	0.0	0.184696489367193	0.0	0.0	0.0	0.0	0.148468901693486	0.0245476232642348	0.0	0.0	0.0	0.0	0.0	0.0	0.0	0.0	0.0	0.0	0.0	0.0	0.0	0.0	0.0	0.0	0.0	0.0	0.0	0.0	0.0	0.0	0.0	0.0	0.0	0.0	0.0	0.0	0.0	0.0	0.0	0.0	0.0	0.0	0.0	0.0	0.0	0.0	0.0	0.0	0.0	0.0	0.0	0.0	0.0	0.0	0.0	0.0	0.0	0.0	0.0	0.0	0.0	0.0	0.0	0.0	0.0	0.0	0.0	0.0	0.0	0.0	0.0	0.0	0.0	0.0	0.0	0.0	0.0	0.0	0.0	0.0	0.0	0.0	0.0	0.0	0.0	0.0	0.0251297670262946	0.0	0.0	0.0	0.0	0.195575593763049	0.0	0.0	0.0	0.0	0.0	0.0	0.0	0.0	0.0	0.0756693779193645	0.0	0.0	0.0	0.0	0.0	0.0	0.0	0.0	0.0	0.0	0.0	0.0	0.0	0.0	0.0	0.0	0.0	0.0	0.0	0.0	0.0	0.0	0.0	0.0	0.0	0.0	0.0	0.0	0.0	0.0	0.0	0.0	0.0	0.0	0.0	0.0	0.0	0.0	0.0	0.0	0.0	0.0	0.0	0.0	0.0	0.0	0.0	0.0	0.0	0.0	0.0	0.0	0.0057617669845725	0.0	0.0	0.0	0.0	0.0	0.0	0.0	0.0	0.0	0.0	0.0	0.0	0.0	0.0	0.0	0.0	0.0	0.0	0.0	0.0	0.0	0.0	0.0	0.0	0.0	0.0	0.0	0.0	0.0	0.0	0.0	0.0	0.0	0.0	0.0	0.0	0.0	0.0	0.0	0.0	0.0	0.0	0.0	0.0	0.0205687787111399	0.0	0.0	0.0	0.0	0.0	0.0	0.0	0.0	0.0	0.0	0.0121678380126011	0.0	0.0015910307651054	0.0	0.0	0.0	0.0564407628890793	0.0	0.0	0.0	0.0	0.0	0.0	0.0069929794862028	0.0	0.0	0.0	0.0	0.0	0.0	0.0	0.0	0.0	0.0	0.0	0.0	0.0	0.0	0.0	0.0	0.0	0.0	0.0	0.0	0.0	0.0	0.0	0.0
NK cell resting	0.0	0.0654672149432429	0.0	0.202970623229563	0.0	0.0	0.0006605126712602	0.0	0.0	0.0	0.0235108465352311	0.0	0.0	0.0	0.0	0.0	0.0	0.13122345731344	0.0	0.0329164735324609	0.0	0.0	0.0748256582150198	0.0153929793726891	0.141702973303382	0.160224155062531	0.0	0.0	0.282308749462044	0.0772336265544051	0.0	0.0	0.0	0.0	0.0277931425143183	0.0	0.112776804950555	0.0	0.0	0.114803928975879	0.0136060195418971	0.0	0.0	0.0735476392259979	0.0	0.0240215280006973	0.0	0.0	0.0	0.0290612038232656	0.0	0.0036691060004266	0.102236860755333	0.0295026693730365	0.0	0.0	0.0	0.0	0.0	0.0	0.0879161912342807	0.0	0.0913806463829209	0.070956661561915	0.0	0.0	0.0966496468105751	0.0	0.0	0.0	0.0	0.117849789873018	0.0862011652449999	0.0153885775759561	0.0	0.0580067518144414	0.240469508454308	0.0317252385586432	0.0351437032456368	0.0	0.218576078329072	0.0	0.0	0.0	0.0	0.0	0.0276778305090325	0.0	0.0	0.0	0.0507938368224027	0.0262523815745338	0.0	0.0	0.173849338070273	0.0287689131785617	0.0	0.117528587994117	0.150385013959629	0.0	0.0	0.0	0.0	0.276226301076537	0.0	0.0	0.0824305759325513	0.0720926971418486	0.0787456154751404	0.11686976296629	0.028451274101663	0.0	0.0	0.14769044949288	0.0	0.0179959536895855	0.0	0.0	0.0	0.0431798266358286	0.0	0.0	0.0	0.263497605513092	0.03494392806277	0.0	0.0165146223969032	0.0	0.0097381516280712	0.0	0.0	0.053323143473781	0.0	0.0	0.0	0.0936933943284889	0.0	0.0640981697344694	0.0	0.0	0.103024607333804	0.0090211488249016	0.0	0.0	0.0	0.0713707975872236	0.0	0.0802297923453897	0.0026275237377684	0.0	0.0394507883237249	0.131232804561021	0.141879732728364	0.0	0.0	0.0	0.240076969244537	0.0232463045789505	0.0	0.0	0.0211549470347422	0.0052546843466509	0.0	0.0	0.0	0.0	0.0624678511757847	0.0	0.0	0.0	0.0038047217748302	0.160326828011376	0.0	0.0	0.0502180525141515	0.0406416732317448	0.0	0.0	0.0596789417356668	1.45937078509367e-06	0.0	0.0	0.0784396038575183	0.0	0.0199520848038967	0.0	0.0110645585895017	0.0	0.28110610180283	0.0148204411308056	0.0	0.0	0.0	0.0	0.0	0.178896430673086	0.106518210190407	0.0	0.0	0.0	0.23627513579281	0.0	0.194549973766821	0.0049263426684047	0.0	0.0083499803969452	0.0435750108579966	0.0	0.0349624835742497	0.0	0.072022753349548	0.151839540218385	0.0	0.108362876551101	0.0	0.0	0.0	0.0	0.0	0.101684960388315	0.154021073900708	0.0420065205885734	0.0	0.0418316615207792	0.182917929604113	0.0	0.0	0.261293339783243	0.0	0.0369955329525963	0.001420744510047	0.0	0.119549654367893	0.0	0.0131537267514791	0.0	0.0	0.0	0.0	0.0145218055447567	0.0	0.136059413724193	0.0	0.0732813219150899	0.0758685894073013	0.0697941017272003	0.0851179954000655	0.0	0.0	0.0	0.136289437688701	0.203913486280896	0.123512533218201	0.453338524749106	0.396522471790402	0.0985825796749867	0.0	0.0	0.172432296015472	0.21788265895741	0.431212433709822	0.353950036607697	0.0	0.510683228622736	0.451799180528519	0.219226453173899	0.137391882766113	0.176417920626428	0.0174051471156415	0.0	0.0820814488557454	0.185696173608855	0.282491881803611	0.341200889146518
NK cell activated	0.025327820403411	0.0	0.114658539546042	0.0	0.0968545908732076	0.241723467574727	0.0	0.0317105445241192	0.057892293223279	0.128517429148923	0.0051157167944988	0.163534644056219	0.173935251842416	0.218636560954733	0.084248336212004	0.0705507808987973	0.0885305626791271	0.0	0.0265336775247886	0.197790326344472	0.0203839229461413	0.0359243789263097	0.0	0.0	0.0	0.0060079760600386	0.109669940161759	0.0	0.0	0.0	0.133412483232083	0.0364981685472968	0.197803051805726	0.128125842910986	0.0534211478224139	0.0227416083011293	0.0	0.0961813111043526	0.0800633543067356	0.0	0.0011212656945553	0.122004217445604	0.0691475660367719	0.0	0.146456400056919	0.0166586554796862	0.0	0.129363725260291	0.183952036138452	0.107086917734262	0.0145384190992849	0.0232568345791219	0.0	0.0925233626689801	0.247299556938372	0.298331818936038	0.0576628544481804	0.0941194638360209	0.0437634973548471	0.224895913407508	0.0	0.0448022689494127	0.0	0.0	0.0	0.0568583190958019	0.136565448517068	0.128263593435594	0.184937949842245	0.0620597556128311	0.0254535745928961	0.0	0.0346932731711938	0.233616597139706	0.113637912196429	0.024794849389803	0.193000822857963	0.0007375696328904	0.0448988528525643	0.190912339911396	0.0	0.191525370386255	0.131067210039537	0.0	0.0694863041877996	0.233511560964389	0.0177473480621624	0.391645763704202	0.193810923933711	0.170279225466316	0.0	0.0	0.12200453000686	0.0091432545043916	0.0	0.0	0.0661466238403747	0.0297484421315547	0.0	0.156405296259682	0.169512727842829	0.040891272597189	0.155142888420574	0.0	0.159899228428861	0.341906735567959	0.0	0.007656779182595	0.0	0.0664471582510918	0.0505889483617827	0.160773828117949	0.0510355581118051	0.0	0.0	0.0560305775720478	0.129188161066675	0.0	0.151195390323106	0.0	0.224027937950722	0.0909427627408859	0.0880209511357847	0.170386353972461	0.202840630874418	0.0903540217402887	0.0543866030396394	0.0835470448762813	0.0525047443949183	0.0802895889599815	0.104484216994368	0.0507963181983282	0.0143986511833183	0.190022097387667	0.0732152752442265	0.0295691224208491	0.0611856428061261	0.0	0.0390991972124827	0.124797248210792	0.0171049343932122	0.0218706050732958	0.158549452346435	0.120708394264112	0.0124539743850185	0.0	0.12237691485801	0.0	0.0	0.0991578836939475	0.0268869803384325	0.0624370102424201	0.0	0.0731661743041328	0.245348687906513	0.0376407808356478	0.0	0.0	0.0	0.0595570204989588	0.082236227166878	0.0	0.109565498373672	0.0	0.20970625187456	0.0605680940653342	0.0	0.17347441739381	0.0684264472293434	0.0462267790159062	0.0300520250407572	0.0	0.0	0.0	0.0	0.046840424490242	0.116829705318163	0.0800301717400358	0.0	0.0031668825226569	0.121934532579585	0.0741294473003256	0.0787186986204042	0.194841296085257	0.0	0.0490263988949827	0.0346703674390249	0.135207928036453	0.03559827385213	0.0703156024892336	0.101490295050652	0.150826396784337	0.116149203627416	0.226688817534164	0.140437861597112	0.0	0.0	0.237478873006639	0.178203847290222	0.255135780926085	0.0354598777642626	0.155827412044613	0.25766534084611	0.0	0.192786960882418	0.0563049693524042	0.0	0.180153910007283	0.0949443485311557	0.1154589670988	0.0452620840499775	0.0	0.0787866501238127	0.0072815711467042	0.0074048936030042	0.177443147055131	0.0896715161076632	0.0	0.0088898296011382	0.0	0.0	0.0276616117290475	0.0785911085060086	0.0	0.0461612013599732	0.0	0.492609319179799	0.0	0.215954362696689	0.0276141824775306	0.0553485879332413	0.0066726627109666	0.0	0.0787348410086889	0.0402030437603806	0.0791529551397082	0.026046505833857	0.0900141843931957	0.0867549280387307	0.0	0.0	0.0	0.110031821157978	0.0	0.0544372231425829	0.0	0.0185144688790913	0.0194726610541095	0.0594338492235879	0.0757602114174567	0.186312099085079	0.0831660891873203	0.0775027518777607	0.0079604796017192	0.0	0.107821499637481	0.31049068416344	0.0732502350919673	0.0178715169948229	0.23378467783262	0.0	0.0358889723208875	0.135069408972687	0.0459973260091529	0.0	0.0	0.0	0.200864266121126	0.10381939133103	0.119427298015677	0.0	0.0	0.0062329617150987	0.0
Monocyte	0.003566027500889	0.0068291375730303	0.409800200254074	0.0	0.0232066769981722	0.0407951048957024	0.0073347392957112	0.0335762569819173	0.187373830573418	0.0877899227695128	0.0	0.0	0.148273184450772	0.0	0.0	0.0336484350132826	0.0674022990081063	0.0472917433787318	0.0	0.0861998780249216	0.0	0.0010649505761522	0.0	0.0	0.0789659959806073	0.0527855711595237	0.0	0.0	0.130638174332622	0.0	0.0	0.01824112399241	0.0	0.0289194683187783	0.081542659601998	0.043206586624612	0.0	0.2386452009992	0.157557000271412	0.0104676300981478	0.0	0.0502342026887415	0.055681283832217	0.0	0.0104243102499467	0.155253482173958	0.0	0.548391948880393	0.0547071402115801	0.0	0.0	0.0525635747867829	0.0	0.0	0.0814832701637975	0.0	0.0	0.0153699721238266	0.0194446473434589	0.02992926990155	0.0	0.0300744611155205	0.0	0.0	0.0881243933904353	0.200588772484736	0.10641235406554	0.060703267794479	0.0	0.0	0.0071385522233349	0.194518343029138	0.0293894701097813	0.056239466202432	0.010257316266579	0.228863418519378	0.0469995218445119	0.0326216622058339	0.264765677616453	0.139423484940278	0.0294933606015867	0.0	0.11267132544802	0.148513222711485	0.862121626729868	0.0133018486752242	0.036581242659839	0.103528071458533	0.0413207636892859	0.0	0.401036789305901	0.237093163861892	0.0382137216360374	0.0809470738458549	0.0681731604979782	0.0449691635607759	0.108332963102436	0.280272521413361	0.0286465003321105	0.0735149982909732	0.146598587176739	0.0715675793835215	0.161375486265827	0.0	0.0474376393731415	0.947236244048929	0.0	0.005022300974186	0.0	0.0054570651162722	0.0148713960957479	0.197796986817578	0.376967813675077	0.153377572032001	0.0088869054301008	0.175687188643756	0.0570609384960337	0.0	0.125287898595089	0.0276920547167732	0.020644556677147	0.134678696596665	0.0457314368448111	0.0	0.0439969524438277	0.145020791882337	0.270086132358892	0.0	0.0564623407967141	0.0780367753600828	0.0967624222902701	0.0	0.0245989430327671	0.0	0.0158818237375885	0.0	0.0678156575701111	0.0	0.0	0.133005673855206	0.247696647520653	0.108676342605049	0.0	0.0	0.0545519789471641	0.0250922219768596	0.0	0.0082940656016237	0.111527978502978	0.0	0.0027375004893889	0.125295789515742	0.0	0.0	0.133417898266545	0.0141656146528252	0.0	0.0166608659269245	0.109486663534002	0.120524265047154	0.0925621523032986	0.0	0.0636790473123979	0.0323117816786696	0.100518852168729	0.0227377614899561	0.0	0.0274967036705619	0.0276937899543595	0.0298244718732377	0.0	0.0400588645183728	0.0015879242625369	0.0001544391442814	0.0	0.120962603430113	0.0382286370851387	0.02552983764632	0.0	0.0617464917451518	0.0	0.0522532419645756	0.0295433107859451	0.0200856072559059	0.0	0.0127706715010745	0.0186868863805631	0.0999235854362371	0.0	0.110288551207983	0.15407718577259	0.0315703388751278	0.108846026599187	0.0670653228923213	0.235724066470887	0.0108873455736645	0.226493773136744	0.0	0.027075473165549	0.0837631934898526	0.105591827054731	0.0	0.0	0.115487793909144	0.0158555688998284	0.0472714028061128	0.131966021277057	0.0387854576368206	0.157387778076178	0.218564265959273	0.0	0.0	0.0	0.0623606622465727	0.308321147167483	0.138879351182369	0.0164210806698564	0.0767625052429124	0.0114353998756302	0.0	0.0611624603338394	0.0	0.0	0.221934312036795	0.0160238666199466	0.0	0.0375798406594606	0.622399040137921	0.0	0.0354451841456241	0.0103760519715178	0.0	0.0	0.0	0.039430785788072	0.0719774495510697	0.0	0.0250028524510879	0.29794282783932	0.0	0.321003327516391	0.0	0.0090676422244997	0.0521684096463817	0.0	0.0451859151290181	0.104894782938306	0.177407665908715	0.0120519102999705	0.0	0.255582247088883	0.0815425200439866	0.333578658746667	0.0734611716365618	0.232095547263864	0.301116555998414	0.041475071012131	0.106148867753859	0.0792966751025311	0.279691267606665	0.279078493330348	0.192452351607552	0.195779469500903	0.200285083074471	0.214029656264484	0.341083807284943	0.443221501350867	0.498797886041324	0.431232339531111	0.0418081207358059	0.461140414150622	0.215251698443514	0.251951720408717	0.306829582646265
Macrophage M0	0.0	0.540544975768795	0.136799842393633	0.591309949317519	0.0883693834226957	0.21587078262861	0.913135094469367	0.346352203300484	0.483966546170161	0.269907668114335	0.604747714798093	0.834246013131382	0.276288760606342	0.448527387596006	0.842145984566364	0.0024373370561532	0.204266103161433	0.0678409016018451	0.156686466132425	0.0	0.0968686068502163	0.074571540861702	0.161734583544704	2.92752763207713	0.658537544787711	0.489455754117627	0.466069575239444	0.0069747242654992	1.19880494318974	1.04848564363639	0.578331625055466	0.0819020310981969	0.169061063762999	0.301939126494639	0.129405383733766	0.0413675483186432	0.365694453323235	0.551743045182607	0.279701848959445	0.306187383930501	0.562768583388184	0.0686024677559715	0.17191092828875	0.279335018450775	0.789937307371737	0.209553093925695	0.507490402861109	0.095597134708992	0.270304333751056	0.600040692272476	0.475093274468328	0.217378465273634	0.556625559849912	0.0538869030506066	0.448519438297776	0.40306612385193	0.8015002734067	0.0957205723042973	0.24071133787112	0.620652706287657	0.20995315808848	0.0	0.374642994188262	0.343142282738728	0.234754938632408	0.448947460569722	0.651819339407124	0.348171476414253	0.885592994602782	0.319140533012189	0.219196263530629	0.981913752864561	0.413754301549489	0.087965396940628	0.460016866842777	0.475034161194734	0.187310050464513	0.0660714631393452	0.598199641594839	0.725515359942492	0.536638772394773	0.431065311754039	0.999516686662963	0.0	0.180470700063479	0.391972503359336	0.382848575040664	0.122819775628153	0.229990598522845	0.427908704030689	0.0381828659114095	0.525008004866125	0.19649862081619	0.235497875097617	0.841545047483988	0.485283357197979	0.653131405115792	0.0	0.305028976679156	0.154814924518892	0.296470038386439	0.323042158134632	0.0	0.991511405620811	0.145059543329329	0.0	0.930301700500363	0.326701344895489	0.845185593544744	0.253407242323704	0.155417063564905	0.467153341115553	0.0	0.785168233208047	0.202738544663237	0.0837962715860654	0.0	0.519093738903542	0.50332516821272	0.0047815697118537	0.811485628363688	0.775443801306041	0.0	0.985036032617349	0.0475882528914982	0.223949552276712	1.33898423418155	0.47378525668863	0.120794908287763	0.0896035937504969	0.3952244660474	1.13625564199576	0.0603195353420023	0.566874472003704	0.0499368039602213	1.60953340087226	0.0	0.610771591641285	0.312618245170544	0.0505509394815933	0.335447536117191	0.0	0.750563299985224	0.138255523386803	0.174219014032257	0.71328353195974	0.468480446388312	0.326957332007999	0.31108574096966	0.874730940136422	0.600481560124344	0.849696146907749	1.57384210066798	0.308762021603194	0.187363470877348	0.173409248239861	0.366051344454129	1.00307418645659	0.250659830858082	0.0	0.0778767186621958	0.509679250895993	0.0603908518313466	0.6291989534144	0.836437808833828	0.119377560081612	0.416376237331124	0.139565868437496	0.124229539047781	0.0927511222865298	1.2511031577211	0.27654289596074	0.944921366644416	0.117403211165744	0.438444227170287	0.441170523782288	0.0462579940967504	0.134179984570764	0.117917362751258	0.0714190750036025	0.209844557984318	0.0101765921747997	0.233758825676351	0.285937004089235	1.05108542854675	0.358414604364345	0.200233724820529	0.0	0.751351499903532	0.810396931151706	0.0345132840882465	0.289125468202455	0.746884017697152	0.406073184351549	0.305034389727306	0.638641097737556	0.385697015647777	0.476646255733545	0.0941925414409274	0.839791934238161	0.203435683011492	0.776803807423419	0.234709619060534	0.240849237534726	0.113732308342547	0.0066549103406247	0.261754814971351	0.574077342823195	0.464372049164978	0.0661670917873804	1.75998181440133	0.911471922457313	1.97464976367718	0.211243857752454	0.0	0.525712197775745	0.109019680676762	0.570875787878497	0.233785239516587	0.784612121310825	0.343788429915931	0.542076425954157	1.25274705995446	0.165999753671453	0.177262576165694	0.15151894654241	0.715683635866411	1.13118090813737	0.421172435617936	0.176443789476534	0.0	0.623788644712691	1.65710971613759	0.449311776871022	0.163219000246363	0.47564964885766	0.0250699892075903	0.157426602786675	0.140562096402903	0.254063854966042	0.254542498046772	0.556231653291402	0.0498423240268616	0.0	0.825996045257703	0.467922947589461	0.526159185997256	0.0704062162057314	0.0364348274140443	0.147456553907301	0.0	0.626129397655186	1.00981712285788	0.572898404788509	0.944305193907028	0.423805405737813	0.790218133091198	1.42200238944264	0.248346526925666	0.270398657273652	0.453803612334988	0.447347441354921	0.607358509898677	0.781482531327793	0.60245779491965	1.30934815006183	0.845409826186874	1.16694905975497	0.469025833506904	0.633192740934918	0.782562823383092	1.14685897104252	0.783431179129748	1.15097671027953
Macrophage M1	0.155101324268109	0.321324524891783	0.52131681309479	0.464657266508296	0.409551837260815	0.429366813478135	0.0	0.0993316926685696	0.360705058838261	1.1746315128202	0.116031762053226	0.100893133420464	0.137328760295002	0.426825683433663	0.752277454522801	0.190332598863	0.0505453298778055	0.188114154934092	0.0347940290602246	0.633703008968256	0.068727057918246	0.192316239632244	0.106796447802257	0.926300246882062	0.292483224225872	0.619117064399948	0.303011752340301	0.411336897256754	0.289421515723198	0.0685623611254993	0.0225106546697643	0.246222001765107	0.108236340317213	0.272455838868006	0.521267627280688	0.0469998810153217	0.103283739706318	0.249299376954553	0.0873765081306297	0.439697833615499	0.415744923465344	0.15055595110064	0.50372327401238	0.40155526602758	0.233103563586966	0.129689449809403	0.15651782900791	0.0	0.331318197733802	0.129241895496569	0.166000291029018	0.138156144065309	0.26163959752722	0.089250216474526	0.556084581896375	0.386222154508019	0.252766501526643	0.093427100655062	0.0632150876993322	0.225175058812283	0.250744140064316	0.0733156133431903	0.212055017574564	0.505333816944077	0.278351508527394	0.0584379475062655	0.46732616991114	0.0823271353914583	0.401393797015259	0.017522062434238	0.185585804284486	0.147469717865659	0.280145937988606	0.615101091554261	0.0637133086735103	0.0401427054843752	0.58131259630693	0.0942516786976125	0.424607176994678	0.224183053230496	0.555459241391751	0.322039800480858	0.152717419117709	0.115424228661533	0.0310990318880213	0.258053331743837	0.0264007517675042	0.0121509930865949	0.0801431076086288	0.193441197521766	0.761582454273717	0.0955769091728432	0.161021843605583	0.130985294462996	0.927888878543636	0.355881630746476	0.420799297683216	0.297468817125819	0.487198618303374	0.10091661017821	0.624927688707223	0.0534998640857936	0.204986869029702	0.123828777857878	0.144076650135639	0.0643256946184337	0.0	0.29407901810825	0.0813112607998632	0.226659004164399	0.339243235773257	0.650116813966902	0.208887750833197	0.149624861778242	0.198954437125275	0.124755949074455	0.0420519891658577	0.54442474514423	0.278297639251387	0.18851612225616	0.273178355565035	0.314578155564325	0.0142655108156498	0.40688480964384	0.229169880927571	0.0549125840328256	0.283574036650848	0.150599645713639	0.0	0.0276743497532688	0.485202005090282	0.33172289056158	0.182181188636248	0.396531097556068	0.0146590470180241	0.143855505142708	0.103188668602211	0.0731307571086333	0.0448518286452141	0.0271387909417168	0.0917669325628781	0.426233536051949	0.530792528512497	0.454907006948069	0.0451296117859003	0.344678974324387	0.313296726957331	0.226571517535184	0.329758529001366	0.177471987364955	0.360853421254937	0.11333830251655	0.0	0.297102405579609	0.501818909758766	0.135061343349948	0.635517430405793	0.409619642019706	0.2024273230621	0.0727664645605236	0.204449883694336	0.265629134171381	0.148140586379882	0.083540946899806	0.110340174601672	0.570030802660956	0.120612320402731	0.0927205669558782	0.0637473603639405	0.0512262317828785	0.0203054918945124	0.237719224058456	0.248945220992937	0.0	0.361542769132774	0.419512308080286	0.0	0.0918449547756067	0.37103923427914	0.283688724678028	0.206923403518472	0.312612894151736	0.431255534674576	0.203826322292942	0.0416480090998194	0.40957271504991	0.0627918536241766	0.0	0.565647742440708	0.470213542710306	0.310949948618896	0.211463018080511	0.354211295033273	0.110575788574206	0.069638898246202	0.772621044264268	0.174580507036481	0.309434431327185	0.183511249220769	0.477783280076345	0.11357637178051	0.192871403039768	0.446944505939875	0.573956911913112	0.122432113945241	0.197794673519255	0.392397610952384	0.163897966137709	0.434255178189007	0.214973970584899	0.462702677369073	0.321328715780186	0.120059465644424	0.006875665569808	0.236767161180467	0.18785429266804	0.0294396287142257	0.149688205541757	0.438447301416853	0.546548411646551	0.623556872763331	0.0504455163289926	0.394614842999192	0.0	0.181073941390886	0.375979482723535	0.327572272261795	1.0514902057698	0.287186258615255	0.39619752788066	0.004563128348889	0.165634237926777	0.0158179242671935	0.19104548701839	0.204481889027284	0.647707045243877	0.0149936278717622	0.0977745159719662	0.164002061362582	0.0	0.114611752284372	0.289519574068275	0.296933754416823	0.0597293781893758	0.205453573622864	0.16115956235095	0.308091556583735	0.13491094028515	0.0215612862222284	0.679384924790486	0.301491522491372	0.0608471093311818	0.207373847136052	0.047604038536643	0.0456422070271372	0.112881153894478	0.0551378815320114	0.037040492758956	0.316631115647548	0.0450250583802071	0.341627610711831	0.100843351977899	0.0776287139538735	0.108619140070883	0.0991676973604524	0.0333784933572888	0.335206702393998	0.0379871330653844	0.0855813821401344	0.0464469876866298	0.0607368831030894	0.0386559859911872	0.377291688598616	0.0468478080671039
Macrophage M2	0.499107267327713	0.578638128221761	1.20917493936569	0.617170789236318	0.762313302374263	0.24195115427344	0.616252392838957	0.26690821986747	0.636977900158447	1.17346527153085	0.162395304904149	0.833991785335663	0.524804575928621	0.736103605504525	0.447409073607812	0.605535513269254	0.390027515227893	0.830816282924782	0.108990298435155	1.08078700100508	0.539241072648074	0.138426499358401	0.319975574287164	1.57937405472975	0.357062263913868	0.624781098518901	0.261872961518348	0.751053792847378	1.31515050061033	0.601263583799325	0.411263804608473	0.4740718671695	0.117139854481901	0.907063298747856	0.779275420035167	0.0294783594827992	0.250613096629322	0.830043520623358	0.746238192647634	0.538478435646297	0.348652192934871	0.20788986958977	0.571340101522886	0.414894777299246	0.193713005774831	0.520460046962915	0.49632778600613	0.227221213057204	0.474374076194887	0.0644743664411608	0.342048804360607	0.73589471171718	0.490859422045154	0.297252324690062	0.535982400329465	0.813415610845129	0.279286234466555	0.591787544127158	0.516297769524136	1.17084623518459	0.267832707777411	0.134989184064999	0.348763427837479	0.391168734500151	0.642728534243678	0.707507882778481	0.918227864129048	1.12746225634271	0.648810678276	0.38503680538876	0.199595767320697	0.927532077872061	0.318708695133625	0.583268461376109	0.0	0.855827383583338	0.452617542206294	0.0622961683948755	1.57304535871147	0.998861714582144	0.92526364794264	0.730007049993674	0.725855655609225	0.881351725760646	1.17527646004162	0.629383175912823	0.430986083870116	0.214831788486923	0.779967450912909	0.17904877294769	1.69529766073043	0.553766019805744	0.677421238829786	0.582712262472822	1.31765346526532	0.591337342420472	0.586251718846591	2.20048956277708	0.360583469161361	0.414018311642049	0.707539288246625	0.647480531282265	0.640623725509462	0.359201983559138	0.280448786277435	0.580712527172248	0.661085637941145	0.48254221138661	0.404888240570387	0.391200055138771	0.524423672090565	0.797009890519327	0.975106679847527	0.503728450073891	0.138736668491506	0.691950444763129	0.253260778241495	0.312580702583404	0.919298848750247	0.233830349865513	0.785960974949663	0.285999288050927	0.0707113166084558	0.61176094831979	0.581790157341822	0.696512802764393	0.728552643950057	0.533583428524492	0.138278288179975	0.195804880362713	0.4149080039118	0.559355318194217	0.32176305496586	0.573631685340507	0.0129200946415222	0.588805986607172	0.206592755205388	0.141085080715727	0.218492338297422	0.905533086342034	0.379343433043696	0.902698603161638	0.570502605380703	0.154161350863134	0.70636836249899	0.563452593080814	0.592254436064385	0.371337177714825	0.671981071681957	2.05355917879199	0.613974524698792	1.23559478976632	0.54030758462833	0.341645708890615	0.599839051986079	0.225738892949159	0.709413710746704	0.429444386475521	0.453516918489024	0.505702237532581	0.531903298844958	0.195423252781141	0.552614973688504	0.973698807066958	0.519499880795208	0.451439189419678	0.265988311082197	0.276661749463568	0.154064926098683	0.095484846529597	0.82875790600539	0.261481523977173	0.400383369333818	0.0382570953929704	0.447215848388661	0.969093548286484	0.161340085330675	0.548900614530909	0.24300381310685	0.42604172829731	0.0	0.316211735897502	0.567390957611647	0.644015153491013	0.352681119795579	0.275758667952926	0.0755271359633796	0.272376905866955	0.630812142080731	1.63671001088792	1.07730129717454	0.188387187616939	0.884338434289623	0.659204853726555	0.913574362410032	2.17796743654749	0.60816985350467	0.470965475720454	0.132180516453144	0.708015887393721	0.388310380706974	0.66583587918061	0.345338019877763	0.774300673937301	0.0917073744582571	0.74334051797072	0.805792839038077	0.793698831957643	0.661823859431288	0.496586570954118	0.542129161689865	0.54640182897601	0.802854989504995	0.568749349386978	1.10200675375779	0.793208656461013	0.207699629001831	0.909812182629473	0.394417127220521	0.715470440383465	0.845094847593112	0.0623718424354024	1.12194032238973	0.305100090909296	0.197339021701883	0.712982930489434	0.602228126940242	0.517624710801012	0.414214208749109	0.614337177277005	0.277404611807131	0.256072571178349	0.484630537687548	0.389365122892902	0.396699699798493	0.60296202340265	0.0456014779142047	0.0841564600059691	0.713218107453174	0.142366338925012	0.891527663108233	0.418304752182509	0.174630443446678	0.322817465398618	0.435533272988567	0.253269880485772	0.80452145662608	0.348991589329334	0.350769185961149	0.421996311578196	1.2189058331423	0.987986335813143	1.11182999655747	0.670716221296931	0.52208094179685	0.590943354096658	0.71546544258995	0.439367337208274	0.833591777520396	0.806397237901051	0.753318816063488	0.627219314335179	0.560511317499777	0.953714242270149	0.443681745272254	0.84692736805451	0.826919599927688	0.698824665020567	1.32731641896211	0.756908914877658	0.797962224630238	1.38739142622492	0.937657644850109	0.522700905243343
Myeloid dendritic cell resting	0.0	0.0	0.467406199030602	0.334365878657839	0.175425377741814	0.946708125219296	0.0	0.11860790263411	0.33409697260092	0.11302087245754	0.0	0.0975584203258939	0.560835155822521	0.14112988361711	0.214353554349854	0.212970266624286	0.0223980434565782	0.0003455277416125	0.0	0.627661142587696	0.888208967657199	0.0982401758859977	0.047005654234682	0.318325810542657	0.188550638485867	0.135550215686161	0.247308787205423	0.185731672721693	0.451338498153199	0.0	0.0	0.109426577413553	0.0331363439126751	0.0039071516618661	0.215474935336348	0.0087978926484646	0.0084599926105868	0.169450199632226	0.630587699784926	0.354049363000899	0.0418635421083908	0.0146684555908403	0.775991528770312	0.051837985200989	0.124890799097793	0.0	0.0	0.608555738786161	0.326620966196507	0.0	0.0	0.0748029878664119	0.0650873908980952	0.153828650884235	0.396025484879686	0.657462789996068	0.125060162949072	0.636090946467097	0.0	0.0975615007483852	0.0	0.218357038614757	0.051926262282966	0.209906711734988	0.115512149800848	0.379691678317688	0.347691956675683	0.867312075914926	0.0451360756590415	0.0	0.0395723973081476	0.60834406178083	0.0385439494028313	0.323338722581428	0.0213747060484748	0.393586968284396	0.194340384674822	0.0139720744739854	0.0351214016203146	0.578479353541678	0.235326111959344	0.126456404472502	0.554147747852313	0.342177679284257	0.350464361225963	0.274746090784073	0.382842385989322	0.273473659140679	0.491657193882654	0.0	0.102336506990912	0.0257996994163889	0.322870094429643	0.111544161179994	0.379757865467113	0.185015837604002	0.0	0.839867160737767	0.22885832086646	0.59444294870776	0.090219587207982	0.447802992451803	0.795632777213756	0.0	0.0285073829104039	0.946958957667777	0.216829612910639	0.0681973334442315	0.0146973344131621	0.154421528749301	0.238648998390852	0.452055422922448	1.00997914603113	0.267561847800741	0.673959244526662	0.21176744229434	0.145392768795952	0.216969603736042	0.358290915367141	0.0794774527233757	0.0270472949271864	0.0969606028604968	0.0116178740611582	0.0	0.168262304054039	0.0719399616186305	0.223385071108301	0.0	0.161977496150575	0.247898407451369	0.853914594157057	0.0	0.0154336331243238	0.161891529114094	0.0247059971508161	0.0377513217830371	0.163979703944699	0.0066518471090165	0.0720527696101201	0.0184711584783278	0.0997865173885091	0.0559981386927978	0.178701918055459	0.0021097826090783	0.262406967087122	0.031105908147083	0.27117050992261	0.0657786160897291	0.419596603686307	0.389182746093017	0.0831006870780923	0.176823596523821	0.0499021453158208	0.103587067160082	0.560605876430286	0.0841599961700391	0.0568955526870213	0.594698270679129	0.0	0.6644448921684	0.254387205659482	0.0	0.165586480384121	0.0918583432023077	0.216943958864852	0.152729595979666	0.0710482084381014	0.122084837923172	0.0	0.0591574658760887	0.0	0.46839316108679	0.0070037266533785	0.0	0.0247220065016867	0.223700483330761	0.034924856830866	0.251018796915729	0.0254165949295416	0.606337570759036	0.037051094672855	0.104117556805245	0.0197890053133591	0.380542358537003	0.386703790356777	0.0315474329547842	0.0	0.216217892144658	0.283778040086665	0.249483134550836	0.374711920291632	0.275079284406182	0.0982127792871513	0.0146314301391551	0.468737164834985	0.28781162935632	0.558654091545433	0.168099921529635	0.510050145403123	0.225889430254204	0.249035296261579	0.0856700038499326	0.104346081725845	0.0289762621030912	0.0118567005611015	0.376275598271442	0.603399811620342	0.0	0.206467128917693	0.267995739933997	0.0	0.0092812688345718	0.0598252456740069	0.529293115415754	0.578436429105541	0.909831504673178	0.279195256998842	0.0222430488698635	0.335221246104817	0.0	0.651393425746904	0.0	0.124669297894758	0.68447969869295	0.0	0.174393696005337	0.242166446713878	0.0	0.38643824884783	0.112998403595676	0.185986460047505	0.0301329530569378	0.0	0.358188332109544	0.189295414112653	0.340376005205146	0.0426622954447217	0.0271746834220018	0.235381572630394	0.0	0.120686109995819	0.0	0.276566369149717	0.0770714441180252	0.0	0.473779887522408	0.257287517451879	0.0210117715711974	0.183497669622398	0.24439713646856	0.0984048797226703	0.0491568701163045	0.0764266940859167	0.0	0.0	0.0686749236845505	0.0023120732398873	0.304985149045789	0.333931042723182	0.0763329002328727	0.0461582939492028	0.0652727735280824	0.0596681331683676	0.0414564857701399	0.0	0.0880854854098222	0.0321616816294657	0.0751125450696458	0.0425934107643435	0.0559905962976382	0.0394762345046213	0.056771676958021	0.216318034754019	0.0
Myeloid dendritic cell activated	0.301901518335358	0.0166716215685705	0.784773180980797	0.13548367730832	0.0545834281236532	0.16655975572223	0.0674218472761945	0.105371993955929	0.100583914058463	0.262153275139771	0.123872219826394	0.0	0.24052726668129	0.0	0.0	0.0386311121717745	0.079898555148511	0.867828004810822	0.0417440585073215	0.151941816160434	0.0701471368345766	0.0148150742260174	0.0	0.0	0.0	0.0	0.0039294032390843	0.0	0.0	0.141862472819838	0.0809462102218354	0.0560133360580048	0.0	0.517476463564814	0.0115113092595937	0.0397248947231241	0.0	0.12365415209148	0.345824394406829	0.0	0.0	0.0257111900709474	0.0	0.154469681018742	0.0055221730869189	0.131694216848444	0.0043679331589712	0.384553047901877	0.111358246602749	0.149289451567952	0.0	0.0383343865133043	0.0	0.0707212391714372	0.0	0.124496562487727	0.0486420301621454	0.0149050227648318	0.0351590549642894	0.0151876527188536	0.049868503867688	0.0823502954537536	0.0	0.0043744875355846	0.188691919192818	0.131782993265758	0.0	0.15157280462415	0.0	0.150402846861405	0.0	0.215202543834023	0.0	0.0718520952557918	0.039505874617938	0.0206540338923581	0.960805400649371	0.0	0.426233750402107	0.0	0.0581818950792959	0.0	0.137177737953385	0.438806824707114	0.207796105592449	0.0844380732196526	0.0	0.189970947380176	0.0475293860459621	0.0505058598006829	0.0	0.308601382275901	0.0	0.0566035245742648	0.0	0.0	0.156220376508681	0.0	0.237386268860554	0.127267975979183	0.0612987895935723	0.117215088154481	0.374785621536608	0.0	0.0193019829455699	0.0670549625638208	0.266981525960795	0.0	0.0	0.129687097145899	0.122199812524424	0.123144568916071	0.134641080494467	0.0	0.0	0.083060391633515	0.0306948451506297	0.0783158246149818	0.0940531420770311	0.0063893774977053	0.131809619188332	0.0307220683083733	0.191438465568438	0.0	0.101403172049662	0.0340409849336684	0.0	0.195624309446959	0.153119518806594	0.0826815717338216	0.0485196263358445	0.0	0.0001868649287359	0.0	0.013179375323623	0.0	0.0	0.0	0.0288011265753852	0.0866082180226764	0.14712241696738	0.0663421003320491	0.0	0.0	0.127889928982133	0.0	0.0990140878309968	0.0034453081031895	0.466859652765004	0.038467211922245	0.0	0.0547016503311563	0.286926438404387	0.0	0.0	0.0609315937394682	0.0	0.152713244536911	0.214694388423628	0.151436036685169	0.0929066604323521	0.0	0.0843505670819615	0.0928968398985016	0.0	0.0343494709755441	0.0	0.0484026286586555	0.0058171217402247	0.0122798200268238	0.076404325796061	0.0758527334124419	0.0534086817979992	0.0098874756895907	0.0	0.107536535587806	0.027075066214176	0.167646789643485	0.0026515120665446	0.136915147151794	0.0	0.0	0.0	0.0926232190733539	0.0899028079885383	0.0384082477385474	0.0888210916434853	0.0380003900303943	0.0404994625808747	0.0093565880303375	0.0	0.0739774608897921	0.0	0.0586831038465267	0.160211108418032	0.0	0.0	0.0725156242473113	0.0	0.0	0.142241297935915	0.0	0.0	0.0	0.0	0.024085227457652	0.065036919028972	0.0798196956544568	0.06853232963632	0.0443405067394291	0.0161501118146804	0.0	0.0	0.0549202461946517	0.205525543526535	0.424609196049991	0.0987440487900268	0.132027257621349	0.0007938192788748	0.0	0.0	0.0	0.0638469082809415	0.392165365406934	0.0183273590013398	0.0845612756508149	0.0	0.10170759638576	0.0	0.0	0.221867742911469	0.0	0.260981498848842	0.050111256584257	0.008269643718143	0.0	0.0118528970426326	0.0	0.0	0.0350765492242724	0.589466101751554	0.247131263221187	0.0379655343843962	0.235127762055487	0.0	0.344645120760631	0.0650445205118966	0.155592296254406	0.0957491424217537	0.0	0.0628804147692829	0.0989415334991983	0.137573409201789	0.651942342396996	0.309208964350616	0.0079580162107416	0.227313745000112	0.0427381936063699	0.0	0.137229167856551	0.189638229504282	0.087321871210619	0.0247962622565674	0.0072993663500607	0.215275442624196	0.0092248917192871	0.0330033420012265	0.250511645054442	0.0	0.0	0.0	0.107178112068337	0.0	0.21514420070509
Mast cell activated	0.180020383146739	0.399165945799547	0.497532400243893	0.145880378510038	0.273045766145758	0.482506435709748	0.237946740616984	0.0	0.285753719291978	0.546735853338673	0.0165879445790519	0.375927775396291	0.283879454154554	0.202448456697252	0.265184620153169	0.141253193051945	0.183793281130251	0.218846306888862	0.0050214813835407	0.414094099573809	0.353442176663277	0.0	0.0764019496781644	0.367324563614459	0.0	0.224913526700099	0.265917674830981	0.12935381979987	0.374061649736935	0.0892108766797822	0.0644354351285635	0.0850604021714091	0.133846835191736	0.357958091517587	0.490752130011492	0.0	0.112523963755112	0.0	0.337092063018522	0.0486126796380626	0.0778697173883868	0.0414361195185769	0.302382486859649	0.145331860002414	0.22785922097648	0.111095314959903	0.0	0.263156862513812	0.273034856529427	0.0	0.0753296929451674	0.141019956750148	0.0363937111458641	0.0904418304437043	0.462834609176453	0.546940844946909	0.205019831076776	0.213691623247271	0.100344949948901	0.386824045334443	0.0	0.204834499893994	0.0	0.170537013598711	0.572780791505932	0.301648888386604	0.552946347877998	0.239422246412198	0.110977878377911	0.0813488461624177	0.0040313275856914	0.240013951780948	0.088591836345654	0.0599080689517936	0.115234480038895	0.162599376951408	0.737144390763441	0.118513927491801	0.625275304126245	0.430134918296402	0.200891124577009	0.265827932819325	0.448132210305542	0.417898425532821	0.24585389713866	0.34962829098982	0.0143998174738123	0.667343725602956	0.600110192902712	0.0638329276755189	0.227932503029348	0.141875865522824	0.0993964660974368	0.161873797605598	0.14270935019109	0.142724806820864	0.0	0.0	0.146371953558985	0.352366557739025	0.434397016796743	0.332130299270666	0.481265664601863	0.0	0.153528715336867	0.988396854846154	0.0135250394001726	0.0098116597349925	0.0	0.0905795945141769	0.160009612924218	0.735043124630383	0.0053910466739417	0.174292433351545	0.0	0.369806352647326	0.150663958767344	0.323747570595888	0.953487549744697	0.0988506988312676	0.0	0.0	0.181990788089722	0.119238068312048	0.489934601820724	0.45021380988082	0.172613649562762	0.158324995627855	0.0419384806054488	0.279428665386346	0.368665055069	0.196752691977213	0.0202655342382877	0.154278744039559	0.104234700799073	0.190890579930897	0.360067771700899	0.196497327455844	0.0929034406483166	0.763145243987491	0.113188231123562	0.409911208808614	0.213907406969726	0.0891888336527666	0.194685664701938	0.113895492713213	0.237209250258075	0.0843544877300799	0.132668663715112	0.403899883538542	0.238722802191998	0.338631589976275	0.0439783568178465	0.114682046255975	1.14017372005835	0.103824702478705	0.189721468915643	0.24184457032377	0.0	0.513368760913599	0.362241542227074	0.0498347598974314	0.41586926251391	0.160572614365131	0.266443825296737	0.278007637580244	0.0454694989291151	0.2397208243402	0.185918589953034	0.0503832525578419	0.123958297854622	0.263821000533664	0.10200036478606	0.0	0.131093276192961	0.224686606116777	0.0722531105716067	0.257086262879145	0.16514796887839	0.224198485828789	0.0801085475333152	0.309814979290881	0.15099482410348	0.265359575154555	0.0	0.111128203177427	0.0983868486443254	0.287548849141304	0.29313039731717	0.386422306944241	0.199434251225585	0.266306943692809	0.0550094675864646	0.571317272697855	0.542907883362428	0.405056079355167	0.14555667746764	0.411006869730572	0.290169826051979	0.29665082427945	0.204871612400672	0.0966604931035033	0.134532921823721	0.121986729207365	0.154162166174051	0.299207439008954	0.424823655812133	0.0465707940433553	0.261620216989845	0.388495574828448	0.0	0.0160826383883803	0.0869556748282199	0.351613911237449	0.386507635987922	0.590181730109697	0.589600000369926	0.116596186544091	0.128151590030495	0.192063988076961	0.220244551124857	0.0063448405943355	0.386707664530095	0.0939858101228448	0.0509091655896717	0.178894422884239	0.313389206910605	0.123938237346483	0.136226049577683	0.0	0.655906728230543	0.0	0.0	0.307457457072675	0.115856359145286	0.395810334442375	0.0191587159529777	0.0649925905392493	0.0059928635172943	0.0	0.254786532263685	0.0837805731232333	0.180848109535838	0.0	0.0294918523654092	0.0992134941004183	0.130492848716625	0.202819730281855	0.131765300072792	0.168729257514924	0.579823024454906	0.651341734276331	0.410686037227233	0.183245686576946	0.145235540445782	0.488916187294895	0.0	0.292034332955785	0.551059446245771	0.667440697499359	0.0	0.563086920943928	0.492894153669671	0.644980673794704	0.115127969786914	0.393385772958477	0.129402338211102	0.257896162392094	0.507041602633768	0.360927241245715	0.265717172950926	0.256646845380629	0.501735621417807	0.42697707551201
Mast cell resting	0.0	0.0	0.0	0.0	0.0	0.0	0.0	0.0724008656088777	0.0	0.0	0.0	0.0	0.0	0.0	0.0	0.0	0.0	0.0	0.0030056486079595	0.0	0.0	0.016464503852899	0.0	0.0	0.0822483568505379	0.0	0.0	0.0	0.0	0.0017204743582703	0.0102909429117534	0.0	0.0	0.0	0.0	0.0	0.0	0.151959845212486	0.0	0.0	0.0	0.0	0.0	0.0	0.0	0.0	0.0560541050417032	0.0	0.0	0.0	0.0	0.0	0.0	0.0	0.0	0.0	0.0	0.0	0.0	0.0	0.0149183896995383	0.0	0.047888980867904	0.0	0.0	0.0	0.0	0.107861366991963	0.0	0.0	0.0121847486146514	0.0	0.0	0.0	0.0	0.0	0.0	0.0	0.0	0.0	0.0	0.0	0.0	0.0	0.0	0.0	0.0	0.0	0.0	0.0	0.0	0.0	0.0	0.0	0.0	0.0	0.0	0.188257411384097	0.0	0.0	0.0	0.0	0.0	0.469538131618628	0.0	0.0	0.0448197586501944	0.0	0.0307703727227961	0.0	0.0	0.0	0.0485046646619585	0.0	0.139018591639185	0.0	0.0	0.0	0.0	0.0	0.104764953230542	0.0	0.0	0.0	0.0	0.0	0.0	0.0	0.0	0.0	0.0	0.0	0.0	0.0	0.0	0.0	0.0	0.0	0.0	0.0	0.0	0.0	0.0	0.0	0.0	0.0	0.0	0.0	0.0303538212827089	0.0	0.0	0.0	0.0	0.0	0.0	0.0	0.0	0.0	0.18221654811075	0.0	0.0	0.0	0.0	0.0	0.0	0.0	0.0905739163248544	0.0	0.0	0.0	0.0	0.0	0.0	0.0506220672422728	0.0	0.0	0.0	0.0	0.0	0.0	0.0	0.0	0.0	0.0	0.202326133834871	0.0	0.0	0.0	0.0	0.0	0.0	0.0	0.0	0.0	0.0	0.0	0.0139400023337239	0.0	0.0	0.0	0.0175256912029029	0.0	0.0	0.0	0.0	0.0	0.0	0.11602354951621	0.0635644430321918	0.0	0.803547199159238	0.0	0.0	0.0	0.0	0.0	0.0	0.0	0.0	0.0	0.0	0.0	0.0	0.0	0.0	0.0	0.0	0.0	0.0	0.0613182800161351	0.0	0.0725535967945193	0.074623420804458	0.0	0.0	0.0	0.0	0.0	0.0080913799886674	0.0576703496458335	0.0	0.0	0.0	0.0437305492306389	0.0	0.0	0.0	0.0	0.0	0.0	0.0	0.0	0.0	0.0	0.0618638006718103	0.0	0.432562614310143	0.0	0.0	0.0	0.992367165165708	0.0	0.0	0.0	0.0004660283266798	0.0	0.135452849374805	0.0	0.0	0.0	0.0	0.0	0.0	0.0
Eosinophil	0.14381281976088	0.0	0.0276242611189499	0.0243993084893494	0.0	0.0	0.0	0.0	0.0	0.0	0.0024194835841345	0.0	0.0	0.0	0.0	0.0	0.0	0.0	0.0	0.0	0.0	0.0	0.0	0.0	0.0	0.0	0.0	0.0180013974897744	0.0267059869430018	0.0	0.0	0.0	0.0283072205598942	0.0	0.0516973682314511	0.0	0.0	0.0	0.0	0.0365040474933896	0.0	0.0	0.0	0.0	0.0	0.0	0.0	0.0177037065550546	0.0	0.0263219315791875	0.0	0.0	0.0	0.0254225216326634	0.0	0.0	0.0	0.0456134737733409	0.0	0.0	0.0	0.0	0.0	0.0	0.0	0.0690059082362772	0.0	0.0	0.0	0.0059557498001309	0.0	0.0	0.0	0.0427747885666742	0.0454376196020296	0.0337563363747736	0.0	0.0009750811904668	0.0	0.0	0.0	0.0	0.0373011989558477	0.182790731169453	0.0467323376057524	0.0	0.0	0.0	0.0	0.0	0.0	0.0	0.0	0.0	0.0	0.0	0.0	0.109902380368398	0.0	0.0	0.0	0.0	0.0	0.0	0.0	0.0478387178323329	0.0	0.0	0.0	0.0267058870876909	0.0	0.0	0.0158600379489997	0.0202788023534536	0.0	0.0	0.0	0.0	0.0	0.0	0.0	0.117741147446869	0.0	0.0	0.0	0.0	0.0043932378152735	0.0	0.0	0.0	0.0	0.0	0.0158833385668381	0.0400680832837405	0.0	0.0	0.0	0.0	0.0	0.0	0.0	0.0	0.0	0.0	0.0	0.0	0.0	0.0	0.0	0.0	0.0	0.0	0.0	0.0	0.0	0.0	0.0	0.0	0.0	0.0	0.0	0.0	0.0	0.0	0.0	0.0	0.0	0.0	0.0	0.0	0.0	0.0	0.0	0.0	0.0	0.0	0.0	0.0	0.0	0.0	0.0	0.0	0.0	0.0	0.0	0.0	0.0	0.0	0.0	0.285526521551719	0.0	0.0	0.0	0.0	0.0	0.110225361872933	0.0	0.0	0.0	0.0	0.0	0.0	0.0	0.0	0.0	0.0	0.0	0.0	0.0	0.0	0.0	0.0	0.0	0.0	0.0097778609783055	0.0	0.132514702704284	0.0	0.0	0.0	0.0	0.0	0.0	0.0884240576293977	0.0	0.0	0.0	0.189883390810003	0.0	0.010871531308477	0.0584383866490347	0.0	0.0	0.0061089754001696	0.0	0.0	0.0102642883967431	0.0	0.0	0.0	0.0045141850172228	0.0	0.0	0.100855840045321	0.0	0.0	0.0	0.0844161869904793	0.0	0.0	0.0	0.0937763246169105	0.0	0.287600596373233	0.0214784922805607	0.0691156030119727	0.0139370884583556	0.0281699438589573	0.110576382215163	0.0	0.0112190992517731	0.031875646165439	0.23384471265104	0.0	0.0592034418454276	0.0	0.185992376720819	0.441905881606971	0.0107288880688695	0.0	0.275611484911222	0.0400597670895071	0.0101027721568697	0.0648087571379389
Neutrophil	0.0468440261428347	0.0370990628776392	0.0939684669799495	0.190102198602365	0.0356128171240764	0.0365579868891519	0.01670959235225	0.0729312002946198	0.0148379981566837	0.053508047779093	0.0	0.0264410225840974	0.0454508281482395	0.0312152104342348	0.0	0.0322598616110258	0.01391617550671	0.0476885728438146	0.0663631145929209	0.107250123129994	0.0575815364309071	0.0024779708043678	0.0230514639277494	0.0	0.0	0.002848394291541	0.0	0.07010205736736	0.25397170559576	0.0102973463370257	0.0316750872392058	0.0091643414208834	0.0119376476605363	0.0	0.0	0.0219397772218095	0.0371897726817889	0.135787979596747	0.0069645329465087	0.0155748103610595	0.0162598677254356	0.0391629351518655	0.0129473620463189	0.108532425439706	0.0370154179564676	0.0089793500376973	0.00235300514187	0.0422726223184298	0.0369059107060309	0.0993143935935896	0.0121958492937176	0.0068865489466165	0.0196611614777293	0.0027991518493869	0.032407920153449	0.020017033755416	0.0	0.0372181194840312	0.0284214094184956	0.199219515343618	0.184922504873674	0.0122467279353174	0.0184420585229025	0.0181702112902929	0.0285463362758628	0.0634610504796683	0.110865892945345	0.0959334866874794	0.0049245277866678	0.0071306247351585	0.0	0.194039850922911	0.0	0.0323068100462253	0.109389864318163	0.117662018067161	0.08225392262786	0.005466504738262	0.0279014555321738	0.119258652785509	0.077379591994093	0.026865928283184	0.0503296276179546	0.0	0.0326674120620647	0.083780108922003	0.0009045148112685	0.0247777882774927	0.0709567601859198	0.168174958854636	0.0423982570154763	0.0784598545553562	0.019569946666752	0.017439386846219	0.135631140210469	0.0186192958096136	0.0	0.0985874853876182	0.0036435616504178	0.0483576956814466	0.0	0.0985986631338391	0.0569695779371316	0.11158284847534	0.0510346846838325	0.0041250615344389	0.0595457523095813	0.0151839544626833	0.0267613892014433	0.0320488424579381	0.0067757054788055	0.0836642815497433	0.0474899225031312	0.0330234611359038	0.0492375520287675	0.0	0.0222116041413106	0.0156592366839498	0.0434440275870072	0.0666126485033121	0.14089284969414	0.0	0.000590488459959	0.0721529256028952	0.0	0.0246119078539637	0.0	0.067797341009368	0.0245267081960278	0.0210162056028432	0.0351376789892201	0.0053528203446827	0.0	0.0432119664049852	0.0	0.048496015753417	0.0105142321981299	0.0173199439858769	0.0327737314703875	0.0333493264271166	0.0	0.0252612064171656	0.0523530798302583	0.0	0.0105102074605051	0.0183592290471378	0.0693455000357557	0.0050128096580122	0.0861868054939368	0.101383030306702	0.054903365617025	0.036254019335108	0.0017347127363598	0.0325183178775941	0.0392296153294009	0.0161375208057966	0.0695407895212831	0.0	0.0477372806432744	0.0671499655735212	0.0231132660533144	0.0	0.0693795586037788	0.110892006568389	0.0519184703221102	0.0	0.0150158621000325	0.0210167216563638	0.0046124714952431	0.0144977094399489	0.0115093895755296	0.026386418833797	0.0	0.048732822976256	0.0239911086402279	0.0237934154103757	0.0129477094194058	0.0317398676164125	0.0	0.0558958812546332	0.0	0.0302457517400187	0.0360601705121743	0.0166177777545964	0.0250122413206672	0.0156156707491092	0.0363446756250198	0.0221075584841316	0.110656445447869	0.36455687365307	0.148721548809001	0.0186371097798166	0.0	0.0173432763744103	0.0706925585198435	0.0529877237884336	0.161231549134228	0.0809500718847916	0.0259424135383531	0.0447808593553777	0.0577836481501913	0.0597095603931485	0.0327669747624435	0.0699178771872361	0.0131277989237131	0.0	0.0831711880141997	0.141756783664567	0.134396762942086	0.0216187180929735	0.23502497386959	0.101529554238708	0.0171667534264568	0.0437733007197863	0.0	0.0241988181328705	0.0292975836648816	0.128850339272784	0.119390775254353	0.0	0.114382187334509	0.0	0.0503807877974272	0.0102681307103188	0.0387161927926329	0.0196218033282669	0.0631606652197976	0.350390534613725	0.0199930428139898	0.0269809935314445	0.0	0.0421094650600896	0.053246468503434	0.0814451581420014	0.0084868121965602	0.098489561012385	0.0303611016520389	0.0	0.0060998928391984	0.0301144477098417	0.0394284378765298	0.0	0.0040279656204769	0.0632419385826899	0.024800235944383	0.0017271821561535	0.0174099332593616	0.110069596725999	0.0002202858044371	0.0359736885942188	0.346167282175305	0.094341693091993	0.148232514988672	0.0113624942543674	0.568213420617322	0.0388006806221755	0.0174667526800121	0.134443618173474	0.0748073613938045	0.127239827991715	0.715126303217492	0.249500461311834	0.0538924700167353	0.157839174996673	0.482665775587638	0.393489349698605	0.242338958445181	0.008844314551286	0.171212835841144	0.0784654734818818	0.183988019714444	0.162482315959812	0.0457954333861559	0.21435514114619
