"thyroid_GOBP_CELLULAR_RESPONSE_TO_THYROID_HORMONE_STIMULUS"	"progesterone_GOBP_CELLULAR_RESPONSE_TO_PROGESTERONE_STIMULUS"	"aldosterone_GOBP_RESPONSE_TO_ALDOSTERONE"	"androgen_HALLMARK_ANDROGEN_RESPONSE"	"estrogen_HALLMARK_ESTROGEN_RESPONSE_EARLY"	"estrogen_HALLMARK_ESTROGEN_RESPONSE_LATE"	"cortisol_glucocorticoid_GOBP_RESPONSE_TO_CORTISOL"
"TCGA.44.6147.01B"	21801.2794766044	11998.5442007896	15906.6675687891	24684.5605418023	19140.8370307306	17603.1256130316	21361.4329857883
"TCGA.44.6147.01A"	23996.9880470675	14669.5245523023	21714.5878827637	25446.5441253608	23866.2562998299	23457.8826597881	24122.3749407338
"TCGA.44.7661.01A"	23774.3676408673	17308.401795478	22168.7746812489	25057.6023133673	23265.5203646161	23423.9476884607	25180.2530107155
"TCGA.05.4396.01A"	24712.9366893781	16284.6012759102	20964.7429771286	25122.4654992385	23381.0017172569	23045.345450568	24577.14605289
"TCGA.55.7724.01A"	24774.6049122792	16094.2138760138	20481.8072400742	25753.8232570321	23542.9606647711	23400.6418981135	26493.0480864704
"TCGA.91.7771.01A"	23991.529437084	15421.1823816934	21843.1230402121	25407.8070668933	23415.3421220903	23162.0355906373	26569.1504477143
"TCGA.05.4410.01A"	23947.9661458075	16922.6027490049	21856.2484753147	25220.3940963556	23366.0324648898	23039.7412955954	21301.732301398
"TCGA.55.7573.01A"	24561.7467301177	15783.1402733237	21931.5634716976	24910.7995817479	23279.3805814451	22713.8583887658	25034.8512109577
"TCGA.05.4405.01A"	23396.3836124431	14618.6049452397	22918.5952048045	25085.7753348428	23459.9835184721	22865.7319670089	22463.5544791821
"TCGA.91.6836.01A"	23017.2844401814	16498.1168416417	20649.7409709571	24259.6858947869	22545.8608727539	22002.2631796695	19725.2843576895
"TCGA.55.8203.01A"	22313.3557702746	15639.830476274	21760.8188132179	24352.6569637127	22610.6286638746	22615.3624483386	21907.3784107782
"TCGA.55.7576.01A"	23621.3464810906	16169.8199731508	21838.0017643677	24742.6464043074	23410.4780834713	22880.1393916104	23101.5362716104
"TCGA.55.8615.01A"	22701.27239722	16914.9535802789	20933.6947667228	24317.5541723306	22837.3226669497	22807.4314898174	21580.4956806389
"TCGA.86.7954.01A"	24349.6423125528	18734.2059330466	21294.8509792854	25002.5720394311	22387.7977084712	22481.5901918295	21287.5810345464
"TCGA.86.7955.01A"	23442.2692488413	14939.3283522045	17517.3995018862	24794.9116268392	21791.9150535308	21713.7630934744	20016.1361964646
"TCGA.86.8054.01A"	22406.6404775438	15109.6964734822	19863.1438106923	24691.1429904049	22924.1245452721	22800.9230817913	23221.2733380357
"TCGA.55.8089.01A"	24257.2722344374	17694.4572597213	21150.9635670724	24737.6337831765	22805.070302205	22677.4817306722	24332.7348477305
"TCGA.97.8176.01A"	24529.0459685055	15401.433103205	21177.2204977438	24536.3825397651	23274.3080807422	23265.4193993428	23728.3086676027
"TCGA.50.5931.01A"	22855.6763482561	14749.963970582	18743.541325021	23993.193325971	22578.6423965743	22631.0728665594	20240.6279542391
"TCGA.91.6829.01A"	24664.7310260062	15365.3244553778	20164.0367404159	25080.6773678137	23121.8634666234	22256.1705430426	23299.0917139562
"TCGA.49.6744.01A"	23719.0878626543	14973.6436940437	21919.0558127515	25207.2092623027	23422.1314463911	23269.1202574592	24494.3644284423
"TCGA.78.8660.01A"	24939.9678369053	18663.2342857953	22320.4859979739	24464.7019034214	22646.2429461858	22752.969035057	24106.9125541075
"TCGA.97.7552.01A"	23559.3147562437	16257.0308231196	21661.0114331075	25345.0323703093	23703.3247407969	23534.8625641611	25043.8430272781
"TCGA.75.5146.01A"	23963.6272449352	16314.3318991299	21237.2476365801	25065.75364693	23231.7206893242	23180.727641229	24565.0626282192
"TCGA.97.7546.01A"	24099.0596492707	13940.9585311164	21593.9976928078	25607.7790885584	23744.5447231724	23268.9932043269	25845.4365208693
"TCGA.69.7763.01A"	23816.8178432572	15928.2389585066	21318.9174451759	24935.9325830329	23736.3237792749	23146.053901658	26474.3359736937
"TCGA.55.7911.01A"	23068.9826159422	17445.8695056552	20944.1175732275	24208.045526831	22142.9419499396	22165.5531009548	23079.5490461181
"TCGA.44.5644.01A"	21512.7084048545	15913.2800166826	20041.9186254882	24050.1786640499	22450.8228076456	22288.0311498267	19717.7833606542
"TCGA.55.8512.01A"	24283.2701292997	17436.5811999522	19960.7524189075	24949.5447564887	23699.1254832692	23263.8408697136	24953.192177288
"TCGA.75.5125.01A"	24046.1178509108	18470.415229347	21715.5112172792	24469.8049097501	22412.8297316191	22551.0411178542	22510.8396999259
"TCGA.75.6212.01A"	24577.5906103807	15401.2723157266	21964.9675822889	25098.6032934295	23159.9919448174	23178.4155637348	23657.9494993429
"TCGA.69.7764.01A"	22594.5371391533	16297.3168364034	21161.2721004623	24790.0953952501	22401.0840278974	22111.8555244541	25508.0328104299
"TCGA.86.8279.01A"	22515.5046307988	14386.9974524455	21266.1551178984	24536.7088804052	22532.1614371291	22088.4486149794	23310.1547003988
"TCGA.75.6211.01A"	23305.1141521338	16723.4200947771	21095.2882660573	24864.9695959433	23129.3252033783	22877.5658538059	22578.7656305025
"TCGA.91.6835.01A"	23868.756223419	17448.0533566409	22156.9250088819	25235.9307440312	23330.3215307914	22781.5978520374	23961.8054152155
"TCGA.86.8585.01A"	23867.734954494	14950.9822663092	20646.9992242356	24008.3617316674	22691.6481258269	22690.1278432749	21981.3365444961
"TCGA.62.8398.01A"	24426.2137796997	16634.2260243736	21123.7040959298	24908.7650108983	23546.7908268955	23557.7974406024	21995.4575248352
"TCGA.MP.A4T4.01A"	23159.0029293925	18217.993699284	21827.7081747806	24560.0792347186	22795.6127329259	22609.2419536255	21719.1450556282
"TCGA.S2.AA1A.01A"	22579.9139694941	17377.8682876457	22243.2908632714	24581.68422968	22906.8828484531	22406.9741805361	23062.0600123059
"TCGA.50.5066.01A"	24245.9426129616	16573.1427254108	20387.3465699624	24278.2239546322	21807.3387479049	22567.2947669882	22312.4571647913
"TCGA.44.6774.01A"	24056.2662896892	16226.2957783152	22208.4598083734	25259.0806907203	23908.360487842	23438.8021182262	24436.5316967917
"TCGA.05.5423.01A"	22989.0000334805	14390.6169395323	21769.3791821883	24811.791652083	22582.8515083677	22966.8132824066	22026.6872868105
"TCGA.86.8055.01A"	24639.7937029101	14712.3921951509	21343.3532626422	25220.2980188914	23367.6815982244	22888.8040059271	23515.5148874762
"TCGA.97.7553.01A"	24344.1229485145	17366.6151190906	22342.2876502566	25340.0189380319	23488.0903375355	23147.4183454152	26098.5681369788
"TCGA.71.8520.01A"	23175.1758514439	16076.0227917338	21178.3330440765	24568.2911640313	23109.6936112515	22597.2357713309	20988.7198721741
"TCGA.MP.A4TD.01A"	23101.0384416921	15315.606957797	21822.1028076275	24448.7502562522	23472.175471387	23079.5804763019	25595.0327835373
"TCGA.95.7567.01A"	22900.9025431195	16774.0281230557	20912.5023611227	24335.4058509925	23139.4450354209	22783.7610474312	21047.8270878201
"TCGA.69.7974.01A"	24174.4382234513	18453.4518865793	22221.9094803662	24946.2086098404	23404.7537071218	23240.1348100332	24290.2651733759
"TCGA.55.8506.01A"	22870.370327139	16760.3478568252	23146.5059740552	24378.9430175087	22845.9864533517	22641.6461503875	19649.6320074066
"TCGA.64.5781.01A"	23772.5096338257	16324.5047713061	20179.6269827884	24308.4692065287	23387.3007947567	23616.4908192471	20268.5335843731
"TCGA.44.2656.01B"	23540.3640954946	12910.1952781358	16293.7127065437	24422.0766935337	18704.8875627395	17446.571586568	21857.4844855704
"TCGA.44.2656.01A"	24279.9830524883	16615.7171416687	22226.5231107147	25051.6169938019	22734.9467874054	22511.5157470086	23872.4982367925
"TCGA.53.7813.01A"	22193.1807819684	18073.9878020991	20421.9917478943	24656.6469566686	22053.1637812546	22258.3376861454	20722.1318766826
"TCGA.86.8074.01A"	24544.9143872165	15767.7096782201	21113.2360275731	24899.7933317943	22881.4165537883	22563.5988512401	22601.1456336333
"TCGA.86.8056.01A"	22971.5868110284	13796.1253531613	21281.4632510782	24970.5317256445	23139.496709695	22258.6366533281	23407.0483272054
"TCGA.55.6642.01A"	23330.668195575	17218.7986067448	21929.6965679809	25148.3210769294	23412.4312871964	22756.3644602492	22979.2422827582
"TCGA.55.8092.01A"	22738.6455480315	15802.556581256	19226.0060879161	23976.2483339576	21992.6637259513	21601.9622402687	20435.8300953508
"TCGA.49.AARO.01A"	23009.2626353864	15341.8502170662	21957.4339710147	24131.3985186297	22896.4799400053	22648.3551378559	20915.7139458897
"TCGA.86.7953.01A"	23045.2829753836	15883.5197530828	22318.5427895186	25181.1121404266	22857.6602617402	22610.1660584217	22687.2677171782
"TCGA.86.7714.01A"	25099.3757854429	17089.7038787906	21711.0570650683	25333.8166263566	23036.9417055048	22469.7918564622	22571.4619745332
"TCGA.78.7145.01A"	23913.1751281688	17186.6419263975	21870.8275230597	25070.1760344778	22852.477976942	22794.7548324492	22402.9730051691
"TCGA.78.7143.01A"	24672.5489283839	14494.1918707371	20793.4146589238	24860.7067682371	22972.9729186635	22668.5369669874	21717.085758362
"TCGA.53.7624.01A"	23976.2129935023	15868.3425137248	19480.9831065815	24562.6973578715	23028.0859378898	22721.8888859273	18746.2472161861
"TCGA.91.8499.01A"	23457.1917792308	16594.4234131393	19919.4210883215	24107.9199527797	21529.8029850029	21966.9018898666	20597.8365887792
"TCGA.69.8255.01A"	23849.7818901481	17871.0430870807	20278.5400658403	23886.6969575385	21106.358995084	21898.4253308703	21591.3669048742
"TCGA.50.5068.01A"	23436.6971842946	16579.3790825061	21702.645403964	24587.6152306122	22046.2261024324	22480.7108649451	21477.6966636626
"TCGA.44.6145.01A"	24562.433548388	17787.6121532367	20949.5486394953	24988.9503693764	23493.4776885366	23338.5745553652	23585.2489816149
"TCGA.MP.A4T6.01A"	22539.7317864024	14772.005378054	21292.635842509	23470.2611483609	22045.9488963127	21824.4586063529	20545.4831038249
"TCGA.05.4425.01A"	25281.0747833523	16399.6326882622	22080.0140623891	24916.9014298038	23454.773052069	23512.9800059784	24084.0334810089
"TCGA.55.8514.01A"	23223.2300063696	14022.8385925533	21531.7531804478	24205.5841320884	22382.1590938782	21792.8714606769	22063.8037768217
"TCGA.44.8117.01A"	23446.191542639	15033.7138229145	21752.3097982296	24469.9976243159	22804.0575916228	22127.0544788147	22260.1628153801
"TCGA.95.8494.01A"	22886.2979948628	16038.4990431739	23205.664600531	24200.8176703112	22097.7503041908	22194.3240337193	19607.950064887
"TCGA.49.AAR4.01A"	22706.4458317182	14955.2815567955	20874.6476557385	24243.5671360019	22756.2043401788	22882.1662067832	19367.2066417923
"TCGA.78.7539.01A"	23023.9741454437	14664.9018736529	21551.9369586676	24114.2666079408	23212.8063644251	22777.1370382814	21599.0302915182
"TCGA.MP.A4TF.01A"	22841.1749039213	16050.1974704852	20675.2927765826	24343.1798816081	22441.551499413	22565.6236911902	20886.8534355827
"TCGA.50.6595.01A"	23426.0871942059	17870.0783560267	20889.1405594552	24944.1972150439	23282.2645143465	23235.9809142823	22920.8010694469
"TCGA.99.8025.01A"	22968.2847809953	14419.0286000006	20980.7584271932	24364.9393946114	22955.2857236303	22211.4547478561	20027.1980145969
"TCGA.NJ.A55O.01A"	23937.6484999024	14916.028252653	21851.1334752773	24908.0998455438	23597.7310200558	23398.0717351855	25320.9889897322
"TCGA.64.5778.01A"	23759.2073331762	16307.41176882	21394.00861927	23978.223597867	22431.5125893053	22687.1058721767	21557.3175196456
"TCGA.L9.A8F4.01A"	23349.1667240778	15973.6817559891	21807.677950251	24002.9928706793	22598.1363272728	22425.5958798269	21070.2159703308
"TCGA.55.8205.01A"	22874.4179804676	19726.6874585429	21248.6010886654	24640.3557239349	22770.6061094793	22487.5911840815	24066.4628664736
"TCGA.MP.A5C7.01A"	23086.9268621345	15606.2084079052	19342.0320245188	23875.7863530875	22347.2267681939	21969.8716016137	23287.6568220347
"TCGA.55.8510.01A"	24956.4999428007	16486.6125683548	21924.4736722593	24423.9406299042	22993.2732028192	22847.9920028614	23308.44809354
"TCGA.99.7458.01A"	25243.7041327271	15409.8718209098	21636.1221024684	25167.0674552608	23483.2466636876	22956.8325281877	24197.1794311239
"TCGA.49.AAQV.01A"	22623.6679071393	13955.6490981306	21188.0714415382	24322.4211153582	22969.8964796154	22584.7007154864	20279.1694667944
"TCGA.05.5425.01A"	24199.9226485767	16931.3624182295	21551.1012147715	24927.1055683276	23331.2374906027	23576.1366200974	23955.1266577905
"TCGA.44.2655.01A"	24069.7786103745	13716.8359608658	21123.239630227	24468.3518381834	23161.8061999984	22953.9447092813	25191.9625973309
"TCGA.55.1594.01A"	23938.338924175	17328.4025011727	20786.3043709561	24209.8495943395	22584.9845023449	22442.1805412014	21711.7437480573
"TCGA.50.5932.01A"	24380.5570489779	17227.066776769	20321.1533811559	24942.0585318512	23245.3915941017	22519.2922835119	25439.6519924197
"TCGA.55.8619.01A"	23377.7165377157	16338.476256066	22284.4431388609	24741.5799120542	23596.5685464966	23450.8825435836	25841.1992351279
"TCGA.05.4384.01A"	25286.7026050853	15238.7808827049	21896.7737464163	24944.7768447702	23540.2897221439	23038.582343666	25863.382116731
"TCGA.38.4631.01A"	23763.9237315883	17334.1991150525	19499.7613143778	24249.3198913455	22010.5106992869	22541.4271738644	19397.5454151898
"TCGA.44.6776.01A"	24704.8767063621	15940.2857025604	20990.8425308688	25070.2003321978	23683.6399764676	23195.6561474197	25687.8093831473
"TCGA.95.7562.01A"	23756.8076871722	15768.5631076272	21725.6613047275	25028.5007254847	22759.0258140118	22583.7031046195	20314.130220257
"TCGA.95.7947.01A"	24143.5246186912	15147.9747888378	20895.5229703813	24970.3670614532	22831.056140709	22623.9636234462	23628.0015234683
"TCGA.05.5420.01A"	23276.6311309033	19139.1751860562	20791.9695448935	24665.6707708204	21735.9991185475	22401.3895173903	22944.9399596908
"TCGA.38.6178.01A"	23944.6643247807	15584.18914974	22110.5024474227	25250.9536067793	23466.9706426368	23046.5824880075	23849.5131856138
"TCGA.55.8207.01A"	23566.9787517501	14080.8079789952	22287.8911393058	24915.8025412495	23429.8423830959	22887.4755270336	22866.7147660933
"TCGA.55.8621.01A"	23869.978968681	16630.1003869328	22208.1245010045	24984.5233369122	23517.9690046641	23334.9706912206	26503.9076857887
"TCGA.50.5051.01A"	22799.4011059314	15312.1063592088	20541.3769780079	24300.2316220944	22933.0999602649	23026.8399074536	24205.1676914611
"TCGA.86.8674.01A"	24186.2985438482	17536.3668718636	20292.0354462334	24187.5536146102	22704.9025518581	22974.6862990166	23344.7869949472
"TCGA.97.8177.01A"	23834.0778805842	14328.6688735656	21675.2287307967	24923.2812005301	23382.4986622928	23312.2130698967	23049.5968571143
"TCGA.55.7284.01B"	23237.0492859297	15114.2424770586	21748.5407038509	25127.4873971453	23849.3781646787	23505.046911981	25912.3976137507
"TCGA.67.3771.01A"	24970.3587306439	16060.6165511977	20747.3399589795	24568.854067298	23140.8166549418	23043.5554268129	21893.8962915249
"TCGA.44.7671.01A"	24907.6982391781	15704.6251810886	21415.3294090307	25239.6171546562	24077.0563447274	23782.5401280119	26608.3367607404
"TCGA.J2.8192.01A"	24164.1145225135	12398.0537261555	22094.9083664509	25302.2820164771	23170.6785966029	22617.1912764181	23899.4039016711
"TCGA.64.5779.01A"	22939.3984435765	15671.2593383183	21187.804161712	24611.2156841141	22899.7498890511	22225.6966008931	22284.658875942
"TCGA.78.8640.01A"	25168.9936785513	16575.9916168572	20423.7705087185	24397.8104014943	22478.4779929016	22138.9354181163	21991.2596154784
"TCGA.64.1680.01A"	23975.109663347	15573.457133557	21217.9802548678	24583.396104641	22793.4574488676	22926.376347332	23021.5652136505
"TCGA.44.5643.01A"	23307.6278994198	18600.2713192207	20977.4018693504	24297.6013733385	23216.1861262257	22914.6870826717	21744.685444844
"TCGA.83.5908.01A"	23208.3367463913	17794.8947662614	21790.2025816879	24615.2220652483	22354.3756133298	22251.9717716812	22174.6168443071
"TCGA.73.A9RS.01A"	23743.6025613371	16021.971397056	19602.7606352343	24739.4712897169	22157.7217678421	22167.0631068998	20835.5605773683
"TCGA.NJ.A4YI.01A"	21488.5557356789	15038.1521717012	22620.4964845785	23859.9278855481	22078.9414628606	22298.9858718124	22110.6503579224
"TCGA.55.8299.01A"	24142.3915469964	17114.0759893438	21742.887282245	25086.6413716873	23412.4449555694	23475.0874134356	24176.6675661225
"TCGA.78.7149.01A"	23865.795917896	15512.8340562114	20095.1966257794	23987.7621044611	22978.9854990277	22642.5601346912	24586.0840763314
"TCGA.93.A4JP.01A"	24112.2581321412	14936.8508544227	21051.9196323841	25378.4102365216	23618.0588682569	23334.606040714	26928.8913335034
"TCGA.44.6777.01A"	24244.7913928875	16481.6042700508	22138.1478549917	25457.3064755691	23634.1022565835	23070.0634829078	24277.3164448169
"TCGA.55.8096.01A"	22945.7965591796	14219.8269964043	21783.147603868	24964.281396193	22940.7986510916	22390.426141583	20173.676167311
"TCGA.50.5930.01A"	24859.0760905814	16786.7030597285	22337.3648467667	25335.7763444773	23737.1499986099	23393.6152216917	24232.098193294
"TCGA.67.3774.01A"	23785.9277825658	15753.4067315881	21129.3388206728	25071.9200774312	23621.7491544267	23435.3921020448	25674.1264860203
"TCGA.95.A4VN.01A"	23022.5929692957	18431.1740566196	21748.9760019519	24484.8730530904	22739.7220814896	22810.9575971178	23627.1418123662
"TCGA.97.8171.01A"	22241.6855979845	13988.9145821446	19627.8919035363	24323.6591423558	21555.9797737827	21339.9083939298	19825.1726069612
"TCGA.49.AAR0.01A"	23982.5205106896	13430.1071200805	22065.0518982279	24071.2038712909	23238.8019076577	23509.6330862891	22976.9038508246
"TCGA.55.A57B.01A"	24087.552414561	13746.7752197861	21559.7951698166	24395.8922028363	23179.670060643	22373.8148751929	24538.3218868387
"TCGA.44.6775.01A"	24744.20629523	14304.3235650515	21681.0523871672	25159.871052591	23453.5287528334	22985.2657568296	23018.6260916608
"TCGA.44.6775.01C"	24889.4805685197	10427.0871753383	16382.9668887286	24497.0947292261	19091.983880921	17546.1318049548	21081.3805896207
"TCGA.O1.A52J.01A"	22591.2530549177	14173.9367070884	21052.2251760306	24330.8652129173	22586.8782454634	22115.6277485974	21749.2439619746
"TCGA.05.5428.01A"	24149.0501646049	15851.8794073463	21179.8050586129	24288.4596298529	21891.9553275172	22417.0444945877	21272.6082464002
"TCGA.44.7672.01A"	23235.1265747167	15605.5106369373	21952.4379794348	24956.0229935005	23446.2666337209	23275.2274860051	23746.5769761998
"TCGA.62.8402.01A"	23478.7842844831	18146.6564743628	20669.7296769031	24456.9053737196	22646.0894403528	22245.6606932769	18366.4645189836
"TCGA.86.8358.01A"	23738.227073101	17424.9986378783	21250.7152998889	24016.6748920186	22691.5493373819	22568.182434062	19959.4503847661
"TCGA.50.8460.01A"	22455.3239157456	15355.3150969212	22394.6608611233	24342.1018688961	23204.7499164686	22985.3992262564	24191.5773370289
"TCGA.91.8497.01A"	23309.8776285978	15541.6423541325	23236.6790159339	24825.9288674532	23728.5179330537	23439.8812564276	26202.9201308825
"TCGA.71.6725.01A"	23073.7304971562	14153.1528304291	21661.8763158493	24509.3502195421	22533.0036620668	21747.2937410086	21191.2347566496
"TCGA.78.7159.01A"	23514.9823360104	16223.2980911435	20855.7037594458	24396.9837037989	22843.889102552	22644.1862971301	23244.7817545322
"TCGA.55.7816.01A"	22824.532310106	19414.0866023462	19824.070611194	24950.7135976584	22886.3373344653	22240.4345312299	24850.7050040074
"TCGA.75.6207.01A"	24052.7806411644	16406.8365478266	21118.0265597138	24731.4102456608	23159.8342694433	22589.9922968243	22168.0179985702
"TCGA.62.8395.01A"	23813.2879819032	16418.1419648715	22178.5711248522	24957.9193099654	23791.3295457591	23451.9350754013	23939.4215282691
"TCGA.35.5375.01A"	24321.7097232863	17272.3809431727	22175.4890785214	24309.6038162905	21920.3489639414	22401.2911690052	21512.1039447522
"TCGA.97.7547.01A"	24171.1187989073	15876.6508371813	20189.0300364051	25398.2891774488	23593.8199203989	22684.8825861745	23493.3365003766
"TCGA.44.6778.01A"	23987.2491995269	18090.8101804262	21240.2670707691	24855.7498223752	22895.6751830641	22793.5092192137	26025.8543846041
"TCGA.55.8085.01A"	23923.0969347935	16746.9370140806	20617.9140526139	24168.3368953597	21980.5553691839	22089.0821308861	21811.2024341921
"TCGA.55.7281.01A"	23650.7009173981	14921.9295547392	22452.9669304014	24592.015481293	23477.4606465027	23234.5643854333	21518.7263644345
"TCGA.55.7994.01A"	24382.8206949094	19853.1942443182	22686.7389933137	24572.0549541514	22374.7643048627	21987.2634416894	20509.6651553809
"TCGA.05.4424.01A"	24344.2985234598	16699.0654031169	22785.0193058377	25645.8112557805	23672.4276805512	23591.4871400702	25543.5558393899
"TCGA.69.A59K.01A"	24191.3472533925	14448.2159969683	21298.9244005685	23629.6405400737	22226.4452529991	21975.8556600569	21223.9298180751
"TCGA.62.8394.01A"	23584.3962048711	14640.8948328975	20603.2782632905	24540.9520225787	23333.8853705687	23393.9458081873	21676.9275876397
"TCGA.75.5122.01A"	24446.6847725829	17886.5913487158	21591.3668452884	24669.3317476615	22360.4102025078	22561.3369385808	21654.5914548772
"TCGA.50.5933.01A"	24615.9727200258	18146.6122755862	22692.4357457867	25265.7119817542	23052.1208860587	22846.4561629411	22088.3261583141
"TCGA.55.7903.01A"	23861.5643740386	15628.2773672547	21927.1011853176	24072.4083529694	22290.6836259511	21939.3972419927	21013.5662600944
"TCGA.NJ.A4YG.01A"	22788.8310598506	14468.3103054344	21733.7936673263	24445.7789164829	23100.7560315999	22969.3358353641	22254.7787356454
"TCGA.55.8208.01A"	24115.7352385896	17380.4650021993	21738.6670633826	24680.7180796632	22738.6810356908	22724.2043321236	23297.7589721306
"TCGA.55.8302.01A"	24692.3294299752	16826.9035804687	21513.9871989965	24236.5751645178	23067.39153375	22841.2117349167	21543.470716402
"TCGA.86.8669.01A"	23610.3260702622	17271.3180549913	21983.6364619731	24797.2225580614	23404.5266180986	23057.0294510159	24549.1061309881
"TCGA.44.8120.01A"	23159.2418531768	15181.3905240032	20883.6253983642	24890.5421359387	23187.7850121782	22524.6665157879	24088.9546273066
"TCGA.95.8039.01A"	23050.0949430674	15231.8424094704	21914.9523402906	24484.6159987065	23032.321876489	22776.6722912499	23587.9776987604
"TCGA.86.8075.01A"	24565.7476100156	14193.2497936301	21699.1702934624	25176.2684522486	23644.3118075949	23004.339608115	23127.4948717403
"TCGA.86.7711.01A"	24904.7561654647	16696.3925938738	19772.2135014991	25104.2440634912	22865.0735015293	22442.8433046389	22531.5021422554
"TCGA.95.A4VP.01A"	22801.2683315095	15610.2146909134	21306.3713850084	24023.9792870455	23182.0375463637	23300.2954162975	24977.1745434119
"TCGA.55.8206.01A"	23694.3262571641	15481.5848184476	21780.5458194326	25063.6333548001	23030.4759859904	22398.2923610783	25064.1115507576
"TCGA.86.7701.01A"	22623.8363615985	15791.3309337544	21336.9418495637	24950.7318696077	23005.0393749377	23077.9422972745	22065.2538826199
"TCGA.64.5815.01A"	23590.5085960002	16936.1068237143	22315.7610475068	25034.7239721853	23872.7280479244	23856.7745840615	24830.567450484
"TCGA.55.7574.01A"	23875.8970727808	15738.9875679516	22509.1232316415	25026.1629874518	23357.0011415756	22870.3643061401	25000.39078618
"TCGA.44.7660.01A"	23738.4978236756	16302.9262821972	18723.2880307895	24144.7704179787	22385.4750863004	22675.7463472686	17951.2615096345
"TCGA.05.4390.01A"	23613.9343006558	17563.420882991	21878.6486494514	24791.266027867	23439.5735539743	23235.9634846939	21732.8012186789
"TCGA.93.8067.01A"	23884.7475862813	16896.8338370839	20277.3140429895	24865.3266200563	23509.9340831361	23194.2604866441	23472.7170820295
"TCGA.55.1595.01A"	22998.2262456278	14736.2538108028	21590.7302751794	24368.9738704282	22809.8089051958	22383.4705318483	23672.0409734153
"TCGA.49.6745.01A"	24055.8949231617	18089.7360628849	21623.6352834292	25181.8405060467	23718.384121226	23764.960499963	25131.9525116058
"TCGA.73.4658.01A"	24368.5527646261	16378.6363384998	22601.2650566944	25373.9005514349	23542.6771758513	23102.2876000416	25005.399865809
"TCGA.38.7271.01A"	24062.6832431694	16113.4744563406	22690.1888650402	25391.5117722571	23705.1677000455	23448.1672696839	25467.1055052433
"TCGA.55.1592.01A"	24323.2493098958	15605.9721098144	21451.373688198	24945.1667768295	23108.938157455	22839.140254391	23591.1006866724
"TCGA.55.7726.01A"	24509.5906655602	16709.2487393945	20766.210201265	25191.7856052607	23477.5124892433	23302.929283391	23289.2850164556
"TCGA.73.7498.01A"	23074.5792686119	14627.0911067009	21393.2717493998	24365.9390213978	23090.5527247335	22250.0381066308	26407.1819460113
"TCGA.95.7948.01A"	22338.8717757148	15218.9810953807	21468.5903299647	24237.6584023949	22293.9991932856	22677.2581829441	21032.2017178062
"TCGA.55.7725.01A"	23601.4929045489	16838.7183363632	20906.0716494617	24885.1180408167	22058.1169144076	21963.2964565975	23227.0352895255
"TCGA.97.8172.01A"	22419.2354296925	14419.6187071496	22120.4593914277	24957.3490715984	23175.077122785	22739.0598341783	24673.434675201
"TCGA.73.4676.01A"	25608.6591506978	16746.4384674063	21358.2215999039	24975.9508228224	23178.5593467417	22868.7539801324	23950.0741082239
"TCGA.44.6146.01A"	23322.5507480229	17751.5705687698	20489.2735690396	25249.8931588525	23786.7848009647	23494.8787003562	24805.8139843835
"TCGA.50.5939.01A"	24892.5720795735	17445.7114777809	21532.6125426358	25358.0718824558	23855.6977020423	23615.786319267	24735.37086625
"TCGA.44.7670.01A"	24574.9363838598	15846.5774861676	19062.1847056015	24927.0646488107	23414.9997398479	23382.246887391	21375.3243910814
"TCGA.67.3773.01A"	22937.2030525366	15325.1374808643	21674.0494497107	24300.0637048569	22207.9925445118	22034.6808616348	22698.9867664056
"TCGA.NJ.A7XG.01A"	22555.5241386597	16528.3289157671	20236.4166201877	24656.2218743514	22774.9094592313	22307.3486494277	19895.2023948094
"TCGA.78.7540.01A"	23239.8997720718	16074.5757894316	21049.8647652822	24931.712820643	23686.7714230392	23618.2828481118	22871.1270898215
"TCGA.50.6592.01A"	24669.859821209	18765.7771909712	21282.8397985998	25050.7319709047	23059.009278157	23139.3664915764	21508.9086560438
"TCGA.78.7162.01A"	24629.7100596475	16000.2389092156	20790.6024357368	25219.3277365827	23776.1530819405	23462.010747956	26401.391106567
"TCGA.50.5944.01A"	24363.8423497074	16226.6363230283	21343.8966844765	25415.2850677057	23436.872664883	22844.1740054994	25703.6626778531
"TCGA.80.5611.01A"	25267.1498333647	17088.6930239785	19322.1163429538	24743.8334135993	22340.7140687011	22502.4596221321	18730.9547977912
"TCGA.NJ.A4YP.01A"	22872.0508724637	15039.3667658075	20429.8198212608	24053.16589551	23113.8953675688	22881.5519663899	23825.5944181343
"TCGA.69.8253.01A"	25015.8886815046	14445.277569635	21345.2006663553	24574.011773027	23332.8527622302	23162.0606448198	25668.1835516459
"TCGA.78.7158.01A"	21950.5890485252	15276.2450986939	20555.2400313178	24587.4976256726	22179.1850747882	22169.5825426895	22045.2751017647
"TCGA.44.7669.01A"	24948.0196033699	15726.001791862	21094.009947028	24716.2520713287	23048.8498881182	22631.2357183708	23862.6502332246
"TCGA.55.7227.01A"	23831.833352216	15785.7605280281	21621.5740786104	24976.2908410311	23166.6127052442	22663.7879711042	23137.7594115067
"TCGA.NJ.A4YQ.01A"	24693.4191616376	16552.2353505385	21362.4365107144	24339.6696964051	22509.5261370321	22031.5319053706	22024.31472668
"TCGA.L9.A7SV.01A"	22972.9678591773	14149.9063112821	18464.892499927	23421.7374911105	21485.4560931216	20881.7217848173	19109.0699439524
"TCGA.49.AAR3.01A"	24164.5062181649	17708.1259563764	21251.4739623484	24194.6478984767	22351.1764906312	22297.6006199016	20185.8237718945
"TCGA.NJ.A4YF.01A"	22172.468251097	15783.5938312817	19770.8016674817	23870.40355884	22519.6018444593	22099.7285344557	18458.1161457172
"TCGA.78.7163.01A"	23711.3351872581	14722.7204618169	19938.1497727004	25328.3223415234	22581.8428027814	22026.5260015746	20908.4307271115
"TCGA.86.8281.01A"	24412.1950974527	14797.7894072674	20830.7728032968	24627.6304249894	22985.6054978759	22596.3159567933	25169.2292468849
"TCGA.05.5429.01A"	22720.2450060258	16961.543990878	19244.0879897138	24662.9399446515	23305.1588215008	23495.3154940569	19723.5294851952
"TCGA.78.8648.01A"	23992.2258737048	16305.064677124	22249.9340579245	25009.9724984098	23209.4596103268	22960.1222951606	26007.2751954507
"TCGA.49.6767.01A"	22366.6672771929	18614.3368669367	20244.7280664253	24118.4641362955	22482.4482948039	22461.1835974881	19675.8904941176
"TCGA.50.5942.01A"	24210.3833849828	16352.7537012119	21298.9869712083	25292.0908670594	23385.8190210485	22832.9785779698	25219.0525330039
"TCGA.55.8204.01A"	23872.9280934219	16502.1052469631	20862.8502435687	25070.3941926661	23205.8870117783	22988.144094114	20988.1559400042
"TCGA.NJ.A55R.01A"	23544.9893588457	14170.5785580296	20362.4317187198	23922.7804007189	22748.5132394099	22764.7384533696	24812.7436488262
"TCGA.86.8359.01A"	22836.5533560598	16370.5540942203	21634.9696580352	24465.2464074478	23196.8460931742	23000.9295060499	22784.9081275549
"TCGA.99.8032.01A"	23114.9353323162	14169.6383877314	21059.0900605374	24490.7430592477	23202.1053127747	23132.6504242406	24011.9423401655
"TCGA.38.4632.01A"	23270.4657007971	17769.8006273716	22129.1161920196	24634.6602894427	22814.635149735	23176.2313008703	22057.7362554349
"TCGA.44.6148.01A"	23809.1789839509	20029.5520184269	19892.1865691625	25106.7651638446	23501.1275364821	23075.8846093011	27127.6507488578
"TCGA.50.6594.01A"	23804.9728477361	16840.8968937678	19617.829114528	24481.0788428211	22209.3027997383	22063.1733312582	19997.0253308454
"TCGA.97.8174.01A"	23292.5946408391	15167.2239574106	21670.7676272341	24705.61494547	22922.6200909686	22139.3342184425	27739.2953229477
"TCGA.99.8028.01A"	23234.2359715877	17038.7514120382	22293.6353734704	24488.9620776993	23039.8115588095	22754.8014579142	23189.4115310443
"TCGA.99.8033.01A"	24110.938682066	18475.7388269331	19756.7852138496	24160.5559720927	22528.742543301	22642.5528157158	22441.6642304148
"TCGA.49.AARQ.01A"	22623.8921414229	16769.9497771968	20539.1072934031	23298.3046473378	21633.0359604444	22058.6554162778	17576.2368150195
"TCGA.49.4512.01A"	23048.9894723396	15299.310855555	21289.4570833412	24401.0475464687	22784.9062005192	22468.9726332329	21311.0099299903
"TCGA.49.6743.01A"	24490.1062123915	16691.6031428185	21332.6156765382	25163.3598294623	23062.5670810645	22702.2219736579	23753.2143250577
"TCGA.05.4417.01A"	23166.9378109682	16812.9173691907	22060.4782019751	25277.6069776274	23669.9591458641	23504.2205911209	25284.9101867965
"TCGA.69.7979.01A"	23291.8245671314	16959.182219783	20872.4717424292	24466.0846902519	23314.9584927209	22899.8537388131	23672.7140020178
"TCGA.L9.A743.01A"	23233.9705974423	15168.8581577517	22882.3038808804	25033.0275931277	23573.6463804342	23398.3399218853	23824.1169432012
"TCGA.55.8513.01A"	23815.8283004739	16540.6576784763	21486.7768228369	25047.9645099704	23583.9243171332	23480.0923291018	26172.0296099475
"TCGA.97.7554.01A"	23556.5281674428	14536.5079824289	21881.5174928912	24956.7897472735	23300.5042632544	22682.2703179749	23696.1637382227
"TCGA.75.6203.01A"	23899.1918110006	16542.8143164466	21820.0166602435	25467.5587925358	23557.6019247578	23325.0792738682	26745.741005842
"TCGA.97.8547.01A"	23431.7196973361	15329.5602918119	21612.3964258489	24469.7240962644	23090.5586947147	22738.3860510774	21762.4293226775
"TCGA.55.8301.01A"	23357.6188054124	17156.9961597216	21712.3169934364	24446.9882744531	23114.7454181887	22791.0349890616	20379.8025106853
"TCGA.55.8097.01A"	22398.0303343479	14283.4868433842	21163.6189446979	24513.1673585443	22692.216564443	21981.7070090551	23527.1791828937
"TCGA.78.7152.01A"	23611.6337821263	17313.3129602568	22083.3278430217	24579.2600540073	23558.3963910309	23448.413381891	24448.0131821391
"TCGA.NJ.A55A.01A"	23950.5454527169	15511.0175448642	21880.2758554217	24628.7901008296	23230.6769782881	22642.3655427265	24207.0287642624
"TCGA.50.5946.01A"	22261.472245006	15878.1795980475	20091.7721216198	24470.758602503	22028.3964123565	22147.5225410695	20216.3260289361
"TCGA.55.7913.01B"	22932.2988612984	14442.0056139454	19613.2725870496	24420.9916010289	22290.2643428513	21916.9609015877	20918.899794337
"TCGA.44.6779.01A"	25366.6615170723	19368.6021443432	22388.8698423793	25403.6849352841	23787.7999501034	23269.8697744874	22721.04002788
"TCGA.50.5055.01A"	23346.6990381527	15785.0203648376	22076.5104715305	24722.4301976843	23221.0852208615	23333.61923901	24235.8701532832
"TCGA.86.7713.01A"	22676.2421239	16253.0466433934	20965.6930751165	24507.997862277	22680.5132812313	22592.0125625472	23755.3649019275
"TCGA.44.2662.01A"	24231.3884707348	14062.5989868241	19850.5026407102	25045.9448018585	21746.3795567241	20958.5258844072	20042.84163163
"TCGA.44.2662.01B"	23502.4401819416	10338.177851231	15605.3851241715	24268.4702059925	18310.7744249814	16530.6999732942	20508.9605177656
"TCGA.67.6216.01A"	23636.7192794412	15191.2700057859	21809.9757313626	24590.6512733205	23032.7048822528	22796.2915152374	22034.321670009
"TCGA.55.7283.01A"	23274.6925432476	15930.9747197316	20856.6417411161	24998.7811987248	23394.4484534785	23262.9022005188	24723.7806028359
"TCGA.86.8073.01A"	24591.8243763701	14622.8826571914	20446.1198472699	25049.8591353926	23230.1940346242	22874.1931217776	23269.0098459217
"TCGA.49.AARE.01A"	23033.262486559	14785.2728684624	20922.8287126097	23999.7410082504	22357.4748615879	22418.574834052	20823.6603173249
"TCGA.86.8280.01A"	23416.537219404	15306.0816608402	21839.2729006192	24989.4554509925	23242.6514458266	22845.8985290701	24670.9616005819
"TCGA.69.7973.01A"	21909.468292077	15227.306590676	21640.663965114	24887.6597293035	23630.3407495186	23216.8838355408	24314.3123678543
"TCGA.86.6562.01A"	23920.3011458984	15293.7695991435	22170.9864772763	25373.7692779559	23720.5640895876	23299.1874700582	23750.0428952928
"TCGA.50.6593.01A"	24414.5629046199	17298.8667000032	22503.94683001	24929.8345629127	23252.5779518617	22910.3039919385	22840.8244837597
"TCGA.55.7815.01A"	24597.4113573622	18028.4492423771	20244.3481270122	25806.3775170039	23061.0428280951	22725.7391716714	24510.5141986228
"TCGA.05.5715.01A"	23584.4858462844	16707.8257634918	22445.8149177658	25178.6497125806	23520.2403017094	23560.024487122	21648.9280847568
"TCGA.55.8087.01A"	22825.3897463743	14725.9320081611	20180.7976150075	24608.6161934238	22359.4590203961	21864.1063806858	22054.470182873
"TCGA.78.7542.01A"	23177.5931774857	17176.1930682177	20612.6660709217	24829.3401036282	22678.2659799219	22653.8451674456	22130.1317857174
"TCGA.78.7147.01A"	24361.1215361658	14165.690714704	19443.9657923674	24415.8209977217	22785.0295184892	22730.8150409728	20282.2438986334
"TCGA.35.3615.01A"	24345.3120506556	13097.0436030798	20955.3385336549	24184.8687222732	22685.8642121947	22436.3518466126	24825.8102132062
"TCGA.86.8668.01A"	24746.0858030529	16322.2128406552	22834.4944101804	24737.34513467	23255.9223296284	22625.8207874975	24762.4874087733
"TCGA.97.7937.01A"	23242.2057821639	14060.8308871185	21474.4500424132	24757.4227064935	22275.0300465761	22077.143545972	23322.3215616043
"TCGA.50.5044.01A"	22340.5273953637	17041.0394960383	20439.6504390966	24368.3702190614	22852.9873245564	23160.0897271353	23571.2585878396
"TCGA.78.7167.01A"	24438.3316364622	15513.4999704338	19945.0815285967	24081.8670781464	22366.1151405182	21844.7357887077	25052.6927017944
"TCGA.55.8616.01A"	23833.6590812986	15423.0695208391	21581.8289386746	24739.3252095936	23433.1901141997	22943.0694197824	21850.7313829615
"TCGA.55.7570.01A"	23952.5795460373	15235.3109306451	20689.7523686842	24159.4756104675	21919.0440849053	22163.8390446805	20398.5438730461
"TCGA.75.6206.01A"	25032.151277326	17093.0204487132	21568.3029818427	24711.625680174	23481.7261329485	22525.3516510745	26198.7727279934
"TCGA.86.8671.01A"	23149.0519289242	17202.6045709334	22262.3456076101	24684.9330820446	22895.1567194918	22799.5040437288	25282.3613509993
"TCGA.64.1681.01A"	23175.006328659	16781.0129380014	21226.9306279267	24907.4377098797	23242.4632131862	23070.3186630009	23090.0040642008
"TCGA.49.4487.01A"	23840.4716532064	16216.2149398597	22482.4035563413	24516.9946435863	23322.1262044525	23310.8417578153	23319.9923992789
"TCGA.MP.A4TE.01A"	22528.5688814497	16591.9361283995	20567.0209064201	24131.4548335978	23362.810732302	23387.8374041568	22449.2476639215
"TCGA.55.7907.01A"	23706.2001638304	17092.8579024626	21185.5788433538	24687.8313404168	22708.867770282	22696.7297249728	20867.5040125389
"TCGA.86.8672.01A"	24879.5340024485	17928.1360267725	19504.778891829	24342.2456555726	22989.688254114	22889.037152882	22080.5116117963
"TCGA.78.7160.01A"	24995.1155138796	16256.9834519634	21807.4996325182	25474.4170991161	23766.784286628	23336.4101147549	25953.847475107
"TCGA.78.7153.01A"	22993.8059502444	15302.4354155067	19966.8007887238	24645.1566034781	23087.5964636525	22999.7831677736	22164.0589837507
"TCGA.44.7659.01A"	24019.2398869537	15332.8064822233	21688.7870771091	24495.1743290404	22975.2760064326	22509.784877122	22049.2994685066
"TCGA.55.7914.01A"	23384.1062819176	16815.934023101	20403.6819008683	24255.0695022906	22538.9291813094	22115.1804900833	22014.9468452378
"TCGA.67.6217.01A"	23735.9334840849	14531.9209526386	21872.2871639785	24777.7768175617	22991.8596177133	22340.2498629143	23788.194321591
"TCGA.55.8091.01A"	24191.3438086359	15178.0498366224	22201.9103802098	25595.6339809257	23193.5424938741	23034.2937880264	21300.9365589842
"TCGA.86.8076.01A"	23890.3431651497	15600.0292454355	21894.6058246888	24782.5525218344	23179.82175431	22951.2725606349	24127.3441160139
"TCGA.78.7166.01A"	24283.3392116872	15633.5413401807	19001.3449165401	24130.6642266918	22548.0652306639	22493.5802518425	22251.7675713952
"TCGA.44.2659.01A"	22845.5105689718	14084.1021502522	20919.3953273068	24849.518232326	22688.5923460839	21952.636758214	22429.409504964
"TCGA.55.8511.01A"	23749.4522436672	14733.1319270969	22560.8494557226	24791.4191501847	22970.5070850243	22300.7457856806	22378.9001257534
"TCGA.50.5072.01A"	24721.2317557148	14555.0513906861	21615.9806485572	24846.6995787474	23754.8139827045	24252.2274144893	24061.0890728263
"TCGA.55.8090.01A"	22611.781108774	15313.2982882575	21824.8849233856	24706.460632942	23012.6390493097	22891.0639343772	23994.5381583023
"TCGA.MP.A4TH.01A"	22160.9223383803	14333.8961084363	22161.7346801623	24672.7397236454	22870.5463370223	22105.3452267266	25458.0871632749
"TCGA.64.1679.01A"	23805.1088857754	13967.1971551181	21577.6071458967	25273.0883552066	23834.8667841181	23381.4009125942	23605.4795911161
"TCGA.50.7109.01A"	22898.2237606587	17182.9441362913	21467.1893247293	24730.639738148	22455.7534415465	22325.1831437946	24014.9706081093
"TCGA.78.7161.01A"	22682.6217055538	15644.6076601709	20687.7015903566	24546.7065119235	22805.8384427852	22406.2389537044	25597.371032547
"TCGA.69.7760.01A"	22892.7869637083	15992.4239690752	20190.2984821706	24718.9051023585	22586.6885746086	22052.8592323688	20125.4537430258
"TCGA.62.8397.01A"	22553.4987867143	16046.1165377076	22614.8150484991	24519.9628970865	23132.1123647003	22806.5941043478	20959.0516692501
"TCGA.MP.A4TJ.01A"	23003.3750919875	16321.3888246626	22474.7977252516	24872.2858249544	23330.4185054118	23260.9696236348	23719.5832437377
"TCGA.75.5126.01A"	24441.3586319565	18081.9791445635	22329.3854191311	25049.5303967742	23298.7456353049	23336.5732655246	24217.6383314857
"TCGA.91.6828.01A"	23499.592705708	16485.5442500707	21987.8033722717	25496.552928985	23417.5683052182	23170.9325887822	24818.3289848154
"TCGA.49.AARN.01A"	23253.8207437588	16641.1066697871	21336.3736701089	24311.3174154364	23606.4190977098	23483.4155639829	20592.6360389556
"TCGA.50.5049.01A"	24155.5869743949	18563.9351372262	22315.1538139555	24819.9875237851	23164.5933688164	23094.0506556381	24731.375308132
"TCGA.49.AARR.01A"	24069.9310580328	16601.8587093175	20996.4187922925	24999.9884254868	23542.339044888	23220.7578594018	24818.4213463167
"TCGA.97.8552.01A"	23471.7276596125	14971.5034695241	21908.3622504178	24563.5424905912	23182.3480501412	22984.8721474711	24131.2160524467
"TCGA.75.6205.01A"	24283.4717415135	17899.0132966008	22911.5087129171	25265.2004661739	23138.7744514502	22854.8845771321	22456.0385294245
"TCGA.50.8459.01A"	23105.2042534154	16239.0389261929	21928.5503420541	24929.7004324315	23661.3234606826	23430.7405162432	23280.4580695656
"TCGA.69.8453.01A"	23747.9797500923	16624.9037286377	22249.7506665981	25119.5474010843	23993.2206763023	24167.3389946855	25338.2511101375
"TCGA.78.7150.01A"	24280.8385407728	15616.8430978722	20527.3365805727	24942.6232519094	23463.418813043	23475.4715997347	20873.3985453724
"TCGA.55.8614.01A"	23421.180854956	15621.5350372392	21845.6828947508	24987.959609125	23570.3270240531	23316.8995254136	23087.3856069262
"TCGA.L9.A50W.01A"	22408.9895214101	15523.2748278793	21388.537592048	24257.1877698035	22718.1828337792	22485.4866416324	19407.8856643994
"TCGA.78.8655.01A"	23851.1765833405	17665.3863659326	22515.62070755	24719.7570608175	22788.918357749	22579.8516417506	23210.4243085628
"TCGA.86.8278.01A"	23446.0661699698	13710.1170526519	21907.6610898137	24745.8028324635	23326.7905336852	22979.316307804	21117.0460626731
"TCGA.44.7662.01A"	24138.957260599	15524.1792018707	20375.6442927531	24605.0377558399	22709.8033445066	22247.8538642983	20935.8078225975
"TCGA.95.7944.01A"	22887.3417573523	17490.0611077782	19246.0961246653	23941.3626799059	22489.3738445686	22548.8366708	21629.0601261721
"TCGA.55.7995.01A"	24228.6576941323	18693.2880783726	22671.0343059353	24479.6340138633	22731.456971607	22812.4569293838	20703.2145946273
"TCGA.55.7910.01A"	22512.4527989181	15108.9812345947	20842.6125804856	23879.9708068581	22564.6567721926	22286.7025893211	22334.0162175024
"TCGA.05.4433.01A"	23917.0443513115	17705.6014930686	21284.4270499411	25196.2120491916	23783.7050292196	23770.7555477581	24587.8156190498
"TCGA.69.7980.01A"	22986.656247632	15940.0675415879	20137.6300953255	24276.4069392693	22858.7830599231	22759.6324720697	23245.6666396292
"TCGA.49.4514.01A"	23611.9382893587	17345.8880745363	20214.1149157968	24230.1133042971	22932.6591485087	23441.0959834219	20898.9283910456
"TCGA.97.7941.01A"	23886.2205030581	17382.585123042	20946.1625835688	24541.2762983809	23798.5815364156	23644.1056807666	24622.5637364496
"TCGA.75.5147.01A"	22905.2439451323	13857.0133998751	21453.8551083505	24693.7696832968	22553.4049822906	23167.4806036267	19896.516220042
"TCGA.78.7154.01A"	24891.6014112018	16457.2812281903	19979.7642379608	25154.1188154373	23796.1274444501	23542.9323933154	24447.38332778
"TCGA.95.A4VK.01A"	22834.4698589897	14730.5099549267	21510.9138570681	24480.3327681583	22703.3293692808	22466.5515455695	24944.261462042
"TCGA.55.8507.01A"	23100.4041459966	16283.323253749	21192.5810210279	24315.5801878059	23128.6396310626	23387.1439210655	23266.1984304509
"TCGA.53.7626.01A"	23715.5844079433	14924.5317511005	22759.987623922	25254.315315349	23420.2472597133	23037.5286537449	25866.7009692352
"TCGA.50.8457.01A"	23849.8480585654	15774.1400442947	22429.4459526928	24904.4377079675	23544.6377978985	22755.5805608125	22783.7667556005
"TCGA.44.2668.01A"	23155.6759307343	16758.5494466109	21683.0997156919	25109.6489198226	22768.8917985911	22679.822970499	21956.7551869911
"TCGA.86.8673.01A"	22457.4792928203	15692.4766914492	21207.0849419237	23964.3626155221	22828.7737321144	22745.5927669656	20306.4249111757
"TCGA.91.6831.01A"	23398.7750989024	17527.2587034062	21728.0530560682	24553.7220352886	22647.047197941	22590.2590193932	21449.5475270991
"TCGA.55.7728.01A"	21965.2355408676	16483.051247162	21246.0840274294	23810.5666428664	22813.3353329821	23086.7708175724	20836.1903118789
"TCGA.67.6215.01A"	23521.3274235876	14073.7155122903	21686.3551252801	24725.3085375202	22948.0179430822	22710.9261173816	22444.2259569552
"TCGA.44.5645.01B"	22215.9966893263	12156.1764727356	15103.5443016109	23612.6280158247	17757.7148084177	16106.955270022	20446.7296409159
"TCGA.44.5645.01A"	24316.780154802	15939.4764884371	21321.8178492051	25035.6530322639	22879.5812578878	22455.3859698999	23157.9880536828
"TCGA.44.2666.01A"	24413.2754042078	15448.8145563733	21218.5873062344	24621.0154092007	23424.4619918716	23256.3202401492	24557.8960852591
"TCGA.55.6543.01A"	24650.0286235049	15283.6956848468	21625.4937570234	25732.7336553663	23633.4523310691	22879.841062571	23633.8021789859
"TCGA.55.6712.01A"	25183.1947703401	15984.3428733293	22499.8280962141	25130.2798885901	23070.8186983104	22856.9040070091	23347.5918447784
"TCGA.69.7978.01A"	23708.3621724517	17337.92729282	21543.5795616816	24777.2258912817	23033.0717970983	22710.3773716255	22112.6079441237
"TCGA.93.7347.01A"	23146.9613676609	15928.851260347	22350.3999813839	24826.6190688436	23367.1756011528	22998.8702735748	22273.0441151571
"TCGA.44.2665.01A"	21995.4988683366	10981.6983135661	18649.0124829967	25073.1610856866	21040.5116094155	20676.3747450848	21491.4762244502
"TCGA.78.7146.01A"	23792.7202420291	17739.0779539181	19776.3865065059	24830.7042923003	22660.590712134	22615.1195096064	19632.680912343
"TCGA.05.4415.01A"	24252.4739419496	16300.0692323882	22501.3942711822	24673.2442671245	22231.3161586201	22527.2233885819	22324.7251917005
"TCGA.55.7727.01A"	25543.1928222639	15922.3800053355	20767.1125296798	25237.7965057578	22783.2260853538	22366.5717103361	23655.6173825298
"TCGA.99.AA5R.01A"	23117.2747166883	15323.2344319982	22225.9692622281	24666.6215822619	23125.9334407177	22794.4372151034	25891.1295392495
"TCGA.44.2668.01B"	21026.4064190007	15343.8230630876	17344.7162712736	23966.8358082477	18937.743220594	18275.1391761207	19745.6501507074
"TCGA.49.4488.01A"	24533.823297964	16632.283556855	21304.3021815048	24462.5869492316	22650.2311420328	22873.6323170788	21165.877271052
"TCGA.78.7536.01A"	22687.1788406857	18429.9423841288	19595.4917030788	24762.8303615713	22384.6420071989	22197.2721567892	20448.4367385926
"TCGA.44.2666.01B"	22267.6288017106	15902.7521662447	15779.6316199181	23858.6210764326	19722.2887615623	18541.0149894347	21386.6171364756
"TCGA.93.7348.01A"	23660.2996224872	16550.6133566189	22152.9181875093	25277.8600993434	23474.2509724382	23150.1360561063	22343.1405679829
"TCGA.50.5936.01A"	25663.3555057938	16303.5191073691	21074.9713314898	25175.0425477532	23543.8134810591	23275.7978102357	23489.322437213
"TCGA.97.7938.01A"	24050.3192413693	15422.665449501	21490.7731629221	25586.4467828343	23464.5351923567	22929.9953770049	25149.5661772299
"TCGA.78.7148.01A"	25084.9687015064	16189.3741891473	20467.2734503769	25287.9596134821	23618.6293930074	23389.2004989537	25138.9007866949
"TCGA.97.8175.01A"	24327.659184885	13892.0711287374	20628.685982686	24641.8981393176	22805.7245966743	22828.3454095688	20929.8604196839
"TCGA.50.5941.01A"	23775.7552448152	18948.5469643716	22560.7655946861	25041.6807251999	23162.5679897844	23088.1183930801	23952.0571628483
"TCGA.49.AAR2.01A"	22542.9759660637	16208.0163157789	18816.5795799514	22640.7995287477	20959.6041796407	21722.6975593289	20953.1033753366
"TCGA.64.1676.01A"	24104.932709999	16774.3037547702	21229.1372984315	24485.9697426383	21976.821713044	22535.0368112415	20700.8569975054
"TCGA.64.5774.01A"	22641.3045089569	17355.0061554007	19795.187022937	24341.1776400415	22757.7267712215	22524.9750342525	20480.021691546
"TCGA.44.2665.01B"	20559.691506555	16129.2761977565	16509.9118343168	24469.6525489146	18973.4815084009	17914.2855946886	20473.9296702189
"TCGA.55.1596.01A"	23891.9254616608	17126.3245738148	18515.706798649	24530.7665421152	22476.1946185639	22481.9192321303	20188.1534960281
"TCGA.50.6597.01A"	22874.8827082029	16306.2858529045	20220.6389829063	23702.39436928	22559.5733341537	22746.3765573686	20497.7101752459
"TCGA.67.3770.01A"	23115.1446449076	15199.0996212725	20760.2487653872	24512.2157216158	22608.3844931359	22574.3449220207	22778.8819341467
"TCGA.44.6146.01B"	21379.4429773901	15201.5069839153	15448.7503156809	24506.0685498916	20169.494964359	18900.2243740393	23335.8652992518
"TCGA.64.1677.01A"	22847.136129	14243.2439154681	20820.6234819255	24212.0973605008	22303.0877961567	22925.7403675595	20201.4224381904
"TCGA.44.8119.01A"	22613.9778753766	15231.6584616449	21903.6603253571	24953.3202614204	23357.7540796144	23226.1821161349	23656.3370296967
"TCGA.50.5935.01A"	23346.441035169	14828.8317168584	21277.2093419664	25045.9629991576	23675.634275281	23236.0911316521	21044.4978824122
"TCGA.J2.8194.01A"	24331.1685457868	14983.5804414943	21941.1266183496	24673.0439324594	22994.2216229574	22533.4720045848	25776.1096473594
"TCGA.05.4427.01A"	22535.699922014	17172.2669639549	21425.8264655167	24496.0380414646	22377.6143337094	21886.2798437631	22926.2578297719
"TCGA.62.8399.01A"	22764.8877267809	13956.85408087	19881.8615707626	24766.2248201824	23353.211014258	22769.7404547891	24651.1288669455
"TCGA.49.4490.01A"	23754.621047255	15313.6357733586	20957.2457477492	24355.3126361601	23329.1448855242	23123.0268553025	22240.9061441123
"TCGA.67.3772.01A"	23651.9153183861	14687.4838780369	22198.6796351242	25173.5269477032	23265.6402140164	23154.3008966263	24452.3314878312
"TCGA.78.7537.01A"	23625.6772993556	14665.9745357984	21514.6424644209	24297.9889480792	23329.950298819	22920.1258927373	25249.5484604058
"TCGA.69.7761.01A"	23441.5522961175	15973.0643662969	20840.0125499741	25289.4753627656	23067.0256778978	22926.3179970231	20697.5043728409
"TCGA.73.7499.01A"	22806.0899752109	15377.4323677173	20724.139701838	24562.4986356064	22416.0290523933	22730.7704496168	19202.33843357
"TCGA.44.6146.11A"	23637.4096674083	17091.5625081166	21521.7623597789	25438.7902197729	23611.8807205628	22992.3937262655	28189.6834936486
"TCGA.38.4625.11A"	23580.4375987775	16044.245068561	22367.05531807	25154.42486067	23645.1355499783	23261.6125595172	26750.6157103952
"TCGA.49.6744.11A"	24483.8535120094	14647.3274821346	21697.0910197988	25804.4184024287	23679.5366860443	22984.1406119577	28196.2146437736
"TCGA.55.6978.11A"	23890.1417135225	16321.3899511192	21487.8851855469	25265.5495279611	23428.9104787608	22746.5384349179	27367.4368839768
"TCGA.44.6144.11A"	23503.2340031951	16436.6783708178	22116.7571522526	25284.9380933766	23395.2403611057	23173.3168195166	27308.1677046388
"TCGA.55.6980.11A"	23675.6308610013	18809.988206413	21080.8729919145	24964.9397339968	23108.1417253387	22696.3406862019	27530.4928308325
"TCGA.44.6777.11A"	23784.4698306524	16757.4382338338	22470.9945176825	25396.9621833632	23699.3845529806	23478.8831622055	27376.2912519681
"TCGA.55.6982.11A"	23904.2274886801	17580.2927799079	21542.7460281438	25155.1279309884	23190.9234909405	22608.7949648659	27687.3275892794
"TCGA.49.4490.11A"	23907.9795364553	16181.6263756765	20837.068438671	25269.4889719041	23300.1868322195	23261.5533917612	27107.9570046127
"TCGA.55.6968.11A"	23361.1453489405	16396.9339360477	23296.735081644	24961.6167263277	23096.5884321805	23084.3378225695	26170.390194708
"TCGA.55.6971.11A"	23698.7042852804	17354.4263874181	21440.7754285635	25359.7448859227	23404.9626407089	22773.1242830718	27315.926170058
"TCGA.44.6776.11A"	24045.5521593208	15330.4377707926	21507.36075709	25728.7218860597	23781.0115655309	23242.3020393992	27000.7075433135
"TCGA.44.6147.11A"	24067.4458043358	14145.5891711295	21447.1473017123	25895.6548238211	23636.2552524864	23179.6121651934	27232.7381374518
"TCGA.55.6981.11A"	24921.2844998403	15593.7987148092	21582.1331635213	25194.3137155589	23303.618409333	22775.8604626629	27522.1835290798
"TCGA.44.2655.11A"	23591.2625379092	14719.5032376058	22546.9735900754	25346.0226101141	23703.1315497054	23283.7445528099	27918.8786284622
"TCGA.50.5931.11A"	23908.581706354	14906.5646344813	22476.4137027807	25650.2341011145	23543.6311786491	22873.8033226136	26965.3040995552
"TCGA.91.6829.11A"	23400.5834425791	15642.1926815084	22417.2111031907	24980.6728837958	22764.0830023398	22575.9800427816	26040.2650132977
"TCGA.50.5930.11A"	23950.2852573767	15823.4961281677	21860.1921947426	25625.3462885011	23556.0701243952	22992.0786991284	27489.065301023
"TCGA.44.3396.11A"	23816.9982464027	16097.5312557352	22125.8149129124	25928.6397228256	23976.1366653176	23407.9205080501	27832.6381121989
"TCGA.49.6761.11A"	23547.4403763038	16024.9325209666	21922.2710333588	25334.8511008749	23499.6855978835	23183.6467526564	26878.5464050495
"TCGA.55.6983.11A"	23726.1371022142	16858.5746552232	22388.5780485892	25589.947530264	23278.8490905049	23031.493419683	26286.2316609648
"TCGA.49.6745.11A"	23899.0965287505	16053.4967977696	21277.976403457	25106.9854475888	23092.7196426969	23258.1340202626	26231.5731790428
"TCGA.50.5932.11A"	24015.7390935902	15713.0427089133	21894.2328332161	25567.509609084	23688.7689018164	22965.4271314576	28278.1610572681
"TCGA.73.4676.11A"	23886.6409683379	15937.4583870298	22259.9617541167	25593.4523022116	23424.8413238569	23110.6071150555	26664.3917453145
"TCGA.44.6778.11A"	23522.0934130415	15683.7222941549	22005.4553792127	25514.1694859738	23393.1165922073	22712.2189325366	27581.1120619825
"TCGA.50.5933.11A"	24050.4536439295	15583.23713766	22421.3509334639	26053.7626794488	24048.4470019281	23346.4911185674	27503.2668169565
"TCGA.38.4632.11A"	24277.5446794674	16170.1080703699	21097.2850678063	25224.4538109444	23032.2070232555	22980.3471275135	26041.4583997293
"TCGA.44.6148.11A"	25082.4899789529	16066.1265556376	21108.1850929805	25151.0917731955	23665.1530086752	23091.9964032276	27980.7562916684
"TCGA.49.6743.11A"	24302.0900815845	14949.6609806696	21580.1625013976	25454.3187399101	23625.6027290329	23013.6529958472	27580.185707667
"TCGA.44.2662.11A"	23081.9957771188	17445.4078524734	22881.4368232253	25541.4321148009	23882.9907145509	23198.4326387883	27976.628509606
"TCGA.44.5645.11A"	23566.5551978478	15878.7865788094	22243.0765566102	24911.0536017956	23230.3692230091	23085.5689709576	27193.5982258215
"TCGA.55.6972.11A"	23333.9827467679	17260.7177010791	21574.0172279563	25167.253541392	23266.121380396	22569.411798253	27515.3140413887
"TCGA.44.2661.11A"	23752.5762727585	16398.17569899	22653.7646421126	25073.1618661296	23565.7029499825	23196.720208807	27440.8721330567
"TCGA.55.6970.11A"	23467.0816558408	17308.5012446724	21404.9368981517	25544.8261691656	23246.3322384488	22834.6348326579	27453.0680952964
"TCGA.50.6595.11A"	23391.0811982198	16213.4944947305	21614.8355953304	25310.5602030889	23234.9936022279	22788.383583703	27598.0824776184
"TCGA.91.6828.11A"	24389.3510109776	16190.1753782073	21595.264583323	25772.4220917705	23781.9347200367	23239.7610034221	26990.7862603333
"TCGA.91.6849.11A"	24031.2709666455	15032.3055957967	21699.311829063	25420.8239196464	23588.9359345338	23099.3712401093	27131.6567881879
"TCGA.91.6847.11A"	24233.9208761902	15198.2301301625	21285.3046521069	25209.8686264016	23381.7164039367	22827.4443767388	27019.3756582161
"TCGA.55.6975.11A"	23539.4505539022	15819.5427622628	21841.5086649316	25517.0516174431	23393.2082343933	23103.2860843593	27471.377422836
"TCGA.55.6969.11A"	23130.1799308549	15733.3444357649	21520.1254682387	25085.7330784703	23174.2435237601	22498.5376027815	26578.8921892587
"TCGA.44.2668.11A"	23737.9294072468	15050.1778023948	22569.6813207862	25840.4356294334	23855.0841674801	23412.3042196384	26738.4457642283
"TCGA.55.6984.11A"	23698.9619480912	17415.0366623545	21508.5317990596	25147.5800216453	23193.3957130155	22801.060333471	26843.5063538481
"TCGA.44.2657.11A"	23257.5281339305	15840.1207026335	23786.7431082723	24943.9118741185	23421.0336347002	23392.9816180877	26223.7393503766
"TCGA.44.3398.11B"	23546.2843842162	18018.0038569213	21456.8780740215	25232.4462556527	23885.2144061326	23468.3232476627	27914.923749019
"TCGA.38.4627.11A"	23311.3799194571	15864.6991433301	22521.1546963293	25507.7753289657	23214.9106821503	23179.1636349446	27097.5058748834
"TCGA.91.6831.11A"	24284.526541754	17155.7100552813	22171.7925168485	26026.9329388711	23530.0722877183	22898.7726914807	27668.1762451673
"TCGA.50.5936.11A"	23982.1583401556	16102.8534140433	22542.5727224677	25739.6753586876	23687.1160293871	23148.289858502	28181.8841906635
"TCGA.44.2665.11A"	24058.8470036481	15368.1570507054	22501.3744071529	25516.4138760221	23798.2220151087	23243.3647694389	27569.7743238917
"TCGA.49.6742.11A"	24078.9028976459	15391.8015643199	21601.7921878247	25329.5897613069	23730.0166211765	23374.8776328687	26156.5504583972
"TCGA.55.6979.11A"	24028.0646725357	17321.1860590659	22157.5926726155	25378.9747047375	23378.8780892067	23001.6182068596	26786.8563699716
"TCGA.50.5939.11A"	24151.0437670477	15843.3201810326	22209.697025333	25758.5773637841	23811.6902023277	23103.6012039932	28115.9560887939
"TCGA.91.6836.11A"	23810.8701276973	15488.3609040361	21737.5208531788	25552.748703596	23455.0878254285	22809.7431747795	26818.7710435104
"TCGA.50.5935.11A"	24445.0015056113	16515.3559382394	22441.6925791797	25610.4009576304	23803.9476944339	23297.5194154055	27254.9766074911
"TCGA.55.6986.11A"	24326.3799040746	15540.0123483683	20997.8887092019	24949.2195682203	23397.0804658753	22673.2710580521	27393.6658297463
"TCGA.44.6145.11A"	23946.1458217215	15392.3404883129	22354.0206664846	25627.8849303399	23828.2053451098	23089.4398033527	27003.9453218502
